{
    "ReturnToStart": 1b,
    "Brain": {
        "memories": {
        }
    },
    "NpcInv": [
    ],
    "BossColor": 0,
    "PotionEffect": 0,
    "Size": 5,
    "stopAndInteract": 1b,
    "Resistances": {
        "Arrow": 1.5070423f,
        "Explosion": 1.5070423f,
        "Knockback": 1.5070423f,
        "Melee": 1.5f
    },
    "BossBar": 0b,
    "RespawnTime": 20,
    "NpcAngrySound": "",
    "ReactsToFire": 0b,
    "IgnoreCobweb": 0b,
    "PositionOffsetZ": 5.0f,
    "PositionOffsetY": 5.0f,
    "PositionOffsetX": 5.0f,
    "CanUpdate": 1b,
    "LootMode": 0,
    "TransformHasAI": 0b,
    "AttackStrenght": 20,
    "PersistenceRequired": 0b,
    "id": "customnpcs:customnpc",
    "IsStatue": 0b,
    "MovingPatern": 0,
    "NpcLines": {
        "Lines": [
        ]
    },
    "DefendFaction": 1b,
    "FireIndirect": 0,
    "NpcVisible": 0,
    "LinkedNpcName": "",
    "NpcScenes": {
        "Scenes": [
        ]
    },
    "HitSound": "",
    "FindShelter": 2,
    "GuardTargets": [
        {
            "Line": "entity.ancient_elements.aetherial_glaze"
        },
        {
            "Line": "entity.ancient_elements.aurora_crystal_slime"
        },
        {
            "Line": "entity.ancient_elements.cerulean_crystal_slime"
        },
        {
            "Line": "entity.ancient_elements.cosmic_explosion"
        },
        {
            "Line": "entity.ancient_elements.inferno_explosion"
        },
        {
            "Line": "entity.ancient_elements.inflamed_wither_skeleton"
        },
        {
            "Line": "entity.ancient_elements.nocturnal_crystal_slime"
        },
        {
            "Line": "entity.ancient_elements.scarlet_crystal_slime"
        },
        {
            "Line": "entity.ancient_elements.selenite_crystal_slime"
        },
        {
            "Line": "entity.ancient_elements.singularity"
        },
        {
            "Line": "entity.ancient_elements.stone_golem"
        },
        {
            "Line": "entity.ancient_elements.topaz_crystal_slime"
        },
        {
            "Line": "entity.ancient_elements.undead_gladiator"
        },
        {
            "Line": "entity.ancient_elements.undead_miner"
        },
        {
            "Line": "entity.ancient_elements.verdant_viridium_crystal_slime"
        },
        {
            "Line": "entity.cannibal.cannibal"
        },
        {
            "Line": "entity.cannibal.cannibal_butcher"
        },
        {
            "Line": "entity.cataclysm.amethyst_crab"
        },
        {
            "Line": "entity.cataclysm.ancient_remnant"
        },
        {
            "Line": "entity.cataclysm.coral_golem"
        },
        {
            "Line": "entity.cataclysm.coralssus"
        },
        {
            "Line": "entity.cataclysm.deepling"
        },
        {
            "Line": "entity.cataclysm.deepling_angler"
        },
        {
            "Line": "entity.cataclysm.deepling_brute"
        },
        {
            "Line": "entity.cataclysm.deepling_priest"
        },
        {
            "Line": "entity.cataclysm.deepling_warlock"
        },
        {
            "Line": "entity.cataclysm.ender_golem"
        },
        {
            "Line": "entity.cataclysm.ender_guardian"
        },
        {
            "Line": "entity.cataclysm.endermaptera"
        },
        {
            "Line": "entity.cataclysm.ignis"
        },
        {
            "Line": "entity.cataclysm.ignited_berserker"
        },
        {
            "Line": "entity.cataclysm.ignited_revenant"
        },
        {
            "Line": "entity.cataclysm.kobolediator"
        },
        {
            "Line": "entity.cataclysm.koboleton"
        },
        {
            "Line": "entity.cataclysm.lionfish"
        },
        {
            "Line": "entity.cataclysm.nameless_sorcerer"
        },
        {
            "Line": "entity.cataclysm.netherite_monstrosity"
        },
        {
            "Line": "entity.cataclysm.the_harbinger"
        },
        {
            "Line": "entity.cataclysm.the_leviathan"
        },
        {
            "Line": "entity.cataclysm.the_prowler"
        },
        {
            "Line": "entity.cataclysm.the_watcher"
        },
        {
            "Line": "entity.cataclysm.wadjet"
        },
        {
            "Line": "entity.cave_dweller.cave_dweller"
        },
        {
            "Line": "entity.creeperoverhaul.badlands_creeper"
        },
        {
            "Line": "entity.creeperoverhaul.bamboo_creeper"
        },
        {
            "Line": "entity.creeperoverhaul.beach_creeper"
        },
        {
            "Line": "entity.creeperoverhaul.cave_creeper"
        },
        {
            "Line": "entity.creeperoverhaul.dark_oak_creeper"
        },
        {
            "Line": "entity.creeperoverhaul.desert_creeper"
        },
        {
            "Line": "entity.creeperoverhaul.dripstone_creeper"
        },
        {
            "Line": "entity.creeperoverhaul.hills_creeper"
        },
        {
            "Line": "entity.creeperoverhaul.jungle_creeper"
        },
        {
            "Line": "entity.creeperoverhaul.mushroom_creeper"
        },
        {
            "Line": "entity.creeperoverhaul.ocean_creeper"
        },
        {
            "Line": "entity.creeperoverhaul.savannah_creeper"
        },
        {
            "Line": "entity.creeperoverhaul.snowy_creeper"
        },
        {
            "Line": "entity.creeperoverhaul.spruce_creeper"
        },
        {
            "Line": "entity.creeperoverhaul.swamp_creeper"
        },
        {
            "Line": "entity.deeperdarker.sculk_centipede"
        },
        {
            "Line": "entity.deeperdarker.sculk_leech"
        },
        {
            "Line": "entity.deeperdarker.shattered"
        },
        {
            "Line": "entity.deeperdarker.shriek_worm"
        },
        {
            "Line": "entity.deeperdarker.stalker"
        },
        {
            "Line": "entity.gravestone.player_ghost"
        },
        {
            "Line": "entity.graveyard.acolyte"
        },
        {
            "Line": "entity.graveyard.corrupted_pillager"
        },
        {
            "Line": "entity.graveyard.corrupted_vindicator"
        },
        {
            "Line": "entity.graveyard.falling_corpse"
        },
        {
            "Line": "entity.graveyard.ghoul"
        },
        {
            "Line": "entity.graveyard.lich"
        },
        {
            "Line": "entity.graveyard.nightmare"
        },
        {
            "Line": "entity.graveyard.reaper"
        },
        {
            "Line": "entity.graveyard.revenant"
        },
        {
            "Line": "entity.graveyard.skeleton_creeper"
        },
        {
            "Line": "entity.graveyard.wraith"
        },
        {
            "Line": "entity.john_mod_reborn.baby_john"
        },
        {
            "Line": "entity.john_mod_reborn.baby_john_pack_lead"
        },
        {
            "Line": "entity.john_mod_reborn.feral_baby_john_1"
        },
        {
            "Line": "entity.john_mod_reborn.feral_baby_john_2"
        },
        {
            "Line": "entity.john_mod_reborn.hugging_john"
        },
        {
            "Line": "entity.john_mod_reborn.john"
        },
        {
            "Line": "entity.john_mod_reborn.mega_john"
        },
        {
            "Line": "entity.john_mod_reborn.sprinting_john"
        },
        {
            "Line": "entity.john_mod_reborn.weeping_john"
        },
        {
            "Line": "entity.man.fakemanback"
        },
        {
            "Line": "entity.man.managgresive"
        },
        {
            "Line": "entity.man.manfromthefog"
        },
        {
            "Line": "entity.man.manfromthefogback"
        },
        {
            "Line": "entity.mca.female_zombie_villager"
        },
        {
            "Line": "entity.mca.male_zombie_villager"
        },
        {
            "Line": "entity.minecraft.blaze"
        },
        {
            "Line": "entity.minecraft.cave_spider"
        },
        {
            "Line": "entity.minecraft.creeper"
        },
        {
            "Line": "entity.minecraft.drowned"
        },
        {
            "Line": "entity.minecraft.elder_guardian"
        },
        {
            "Line": "entity.minecraft.enderman"
        },
        {
            "Line": "entity.minecraft.endermite"
        },
        {
            "Line": "entity.minecraft.evoker"
        },
        {
            "Line": "entity.minecraft.giant"
        },
        {
            "Line": "entity.minecraft.guardian"
        },
        {
            "Line": "entity.minecraft.husk"
        },
        {
            "Line": "entity.minecraft.illusioner"
        },
        {
            "Line": "entity.minecraft.piglin"
        },
        {
            "Line": "entity.minecraft.piglin_brute"
        },
        {
            "Line": "entity.minecraft.pillager"
        },
        {
            "Line": "entity.minecraft.ravager"
        },
        {
            "Line": "entity.minecraft.silverfish"
        },
        {
            "Line": "entity.minecraft.skeleton"
        },
        {
            "Line": "entity.minecraft.spider"
        },
        {
            "Line": "entity.minecraft.stray"
        },
        {
            "Line": "entity.minecraft.vex"
        },
        {
            "Line": "entity.minecraft.vindicator"
        },
        {
            "Line": "entity.minecraft.warden"
        },
        {
            "Line": "entity.minecraft.witch"
        },
        {
            "Line": "entity.minecraft.wither"
        },
        {
            "Line": "entity.minecraft.wither_skeleton"
        },
        {
            "Line": "entity.minecraft.zoglin"
        },
        {
            "Line": "entity.minecraft.zombie"
        },
        {
            "Line": "entity.minecraft.zombie_villager"
        },
        {
            "Line": "entity.minecraft.zombified_piglin"
        },
        {
            "Line": "entity.mutantmonsters.endersoul_clone"
        },
        {
            "Line": "entity.mutantmonsters.mutant_creeper"
        },
        {
            "Line": "entity.mutantmonsters.mutant_enderman"
        },
        {
            "Line": "entity.mutantmonsters.mutant_skeleton"
        },
        {
            "Line": "entity.mutantmonsters.mutant_zombie"
        },
        {
            "Line": "entity.sanitydim.rotting_stalker"
        },
        {
            "Line": "entity.sanitydim.sneaking_terror"
        },
        {
            "Line": "entity.stalwart_dungeons.awful_ghast"
        },
        {
            "Line": "entity.stalwart_dungeons.giddy_blaze"
        },
        {
            "Line": "entity.stalwart_dungeons.incomplete_wither"
        },
        {
            "Line": "entity.stalwart_dungeons.nether_wart_cocoon"
        },
        {
            "Line": "entity.stalwart_dungeons.propulk"
        },
        {
            "Line": "entity.stalwart_dungeons.reinforced_blaze"
        },
        {
            "Line": "entity.stalwart_dungeons.shelterer"
        },
        {
            "Line": "entity.stalwart_dungeons.shelterer_without_armor"
        }
    ],
    "Air": 300s,
    "CitadelData": {
    },
    "Orientation": 0,
    "ScriptLanguage": "ECMAScript",
    "HandItems": [
        {
        },
        {
        }
    ],
    "KnockBack": 4,
    "TransformHasJob": 0b,
    "ArmorDropChances": [
        0.085f,
        0.085f,
        0.085f,
        0.085f
    ],
    "BurnInSun": 0b,
    "StandingState": 0,
    "AttackInvisible": 0b,
    "NpcInteractNPCLines": {
        "Lines": [
        ]
    },
    "HurtTime": 0s,
    "WalkingRange": 10,
    "ShotCount": 5,
    "pDur": 5,
    "AttackRange": 2,
    "ActiveRange": 32,
    "NpcKillLines": {
        "Lines": [
        ]
    },
    "PotionImmune": 0b,
    "AvoidsSun": 0b,
    "Texture": "customnpcs:textures/entity/humanmale/steve.png",
    "NpcJob": 3,
    "BurstCount": 10,
    "NpcAttackLines": {
        "Lines": [
        ]
    },
    "pSpeed": 10,
    "pArea": 0,
    "DeathTime": 0s,
    "pImpact": 1,
    "MoveState": 0,
    "pRender3D": 1b,
    "Motion": [
        0.0d,
        -0.0784000015258789d,
        0.0d
    ],
    "CombatRegen": 0,
    "NpcsTimers": [
    ],
    "MarkovGender": 0,
    "pEffect": 0,
    "DistanceToMelee": 2,
    "NpcStepSound": "",
    "FireRate": 1,
    "LeftHanded": 0b,
    "pEffAmp": 0,
    "OnGround": 1b,
    "ImmuneToFire": 0b,
    "NpcKilledLines": {
        "Lines": [
        ]
    },
    "Fire": -1s,
    "ArmorItems": [
        {
        },
        {
        },
        {
        },
        {
        }
    ],
    "DisablePitch": 0b,
    "pPhysics": 0b,
    "TransformHasInv": 0b,
    "NpcInteractLines": {
        "Lines": [
            {
                "Line": "Cedula Caballero",
                "Song": "",
                "Slot": 0
            },
            {
                "Line": "No se haga llevar a la UPJ",
                "Song": "",
                "Slot": 1
            },
            {
                "Line": "Papeles hagame el favor",
                "Song": "",
                "Slot": 2
            }
        ]
    },
    "HurtByTimestamp": 21789,
    "pSpin": 0b,
    "NpcHurtSound": "minecraft:entity.player.hurt",
    "pTrail": 0,
    "CreatureType": 0,
    "Attributes": [
        {
            "Base": 20.0d,
            "Name": "minecraft:generic.attack_damage"
        },
        {
            "Base": 0.08d,
            "Name": "forge:entity_gravity"
        },
        {
            "Base": 20.0d,
            "Name": "minecraft:generic.max_health"
        },
        {
            "Base": 0.5d,
            "Name": "minecraft:generic.flying_speed"
        },
        {
            "Base": 1.0d,
            "Name": "forge:swim_speed"
        },
        {
            "Base": 0.0d,
            "Name": "forge:step_height_addition"
        },
        {
            "Base": 32.0d,
            "Name": "minecraft:generic.follow_range"
        },
        {
            "Base": 0.25d,
            "Name": "minecraft:generic.movement_speed"
        }
    ],
    "Invulnerable": 0b,
    "TransformHasDisplay": 0b,
    "NoFallDamage": 0b,
    "AbsorptionAmount": 0.0f,
    "TransformHasRole": 0b,
    "Name": "SMAD",
    "FallDistance": 0.0f,
    "SkinColor": 16777215,
    "NpcIdleSound": "",
    "Weapons": [
        {
            "Slot": 0b,
            "id": "tacz:modern_kinetic_gun",
            "Count": 1b,
            "tag": {
                "HasBulletInBarrel": 1b,
                "GunFireMode": "AUTO",
                "GunId": "tacz:hk_mp5a5",
                "GunCurrentAmmoCount": 30
            }
        },
        {
            "Slot": 1b,
            "id": "minecraft:iron_nugget",
            "Count": 1b
        }
    ],
    "NPCDialogOptions": [
    ],
    "AggroRange": 16,
    "DirectLOS": 1b,
    "HealthRegen": 1,
    "ForgeCaps": {
        "cataclysm:hook_cap": {
            "hasHook": 0b
        },
        "cataclysm:charge_cap": {
            "timer": 0,
            "dx": 0.0f,
            "ChargeDamage": 0.0f,
            "KnockbackSpeed": 0.0f,
            "dz": 0.0f,
            "ChargeTime": 0,
            "isCharge": 0b
        },
        "curios:inventory": {
            "Curios": [
            ]
        },
        "mowziesmobs:ability": {
        },
        "mowziesmobs:frozen": {
            "frozenYaw": 0.0f,
            "frozenWalkAnimSpeed": 0.0f,
            "freezeProgress": 0.0f,
            "frozenPitch": 0.0f,
            "freezeDecayDelay": 0,
            "prevHasAI": 1b,
            "frozenYawHead": 0.0f,
            "frozen": 0b,
            "frozenWalkAnimPosition": 0.0f,
            "prevFrozen": 0b,
            "frozenRenderYawOffset": 0.0f,
            "frozenSwingProgress": 0.0f
        },
        "mowziesmobs:last_damage": {
        },
        "the_bumblezone:living_entity_data": {
            "missed_paralysis": 0
        },
        "tacz:synced_entity_data": [
        ],
        "mowziesmobs:living_cap": {
        },
        "mowziesmobs:frozen_cap": {
            "frozenYaw": 0.0f,
            "frozenWalkAnimSpeed": 0.0f,
            "freezeProgress": 0.0f,
            "frozenPitch": 0.0f,
            "freezeDecayDelay": 0,
            "prevHasAI": 1b,
            "frozenYawHead": 0.0f,
            "frozen": 0b,
            "frozenWalkAnimPosition": 0.0f,
            "prevFrozen": 0b,
            "frozenRenderYawOffset": 0.0f,
            "frozenSwingProgress": 0.0f
        },
        "cataclysm:tentacle_cap": {
            "hasTentacle": 0b
        },
        "the_bumblezone:entity_dim_component": {
            "non_bz_dimensiontype_namespace": "minecraft",
            "non_bz_dmensiontype_path": "overworld"
        },
        "the_bumblezone:original_flying_speed": {
            "original_flying_speed": 0.2f
        }
    },
    "HandDropChances": [
        0.085f,
        0.085f
    ],
    "NpcModelData": {
        "CustomSkinUrl": "",
        "BodyConfig": {
            "NotShared": 0b,
            "ScaleZ": 1.0f,
            "TransZ": 0.0f,
            "TransY": 0.0f,
            "TransX": 0.0f,
            "ScaleY": 1.0f,
            "ScaleX": 1.0f
        },
        "MoveAnimation": 16,
        "Legs2Config": {
            "NotShared": 0b,
            "ScaleZ": 1.0f,
            "TransZ": 0.0f,
            "TransY": 0.0f,
            "TransX": 0.0f,
            "ScaleY": 1.0f,
            "ScaleX": 1.0f
        },
        "SimpleRender": 0b,
        "ArmsConfig": {
            "NotShared": 0b,
            "ScaleZ": 1.0f,
            "TransZ": 0.0f,
            "TransY": 0.0f,
            "TransX": 0.0f,
            "ScaleY": 1.0f,
            "ScaleX": 1.0f
        },
        "ExtraData": {
        },
        "HeadConfig": {
            "NotShared": 0b,
            "ScaleZ": 1.0f,
            "TransZ": 0.0f,
            "TransY": 0.0f,
            "TransX": 0.0f,
            "ScaleY": 1.0f,
            "ScaleX": 1.0f
        },
        "LegsConfig": {
            "NotShared": 0b,
            "ScaleZ": 1.0f,
            "TransZ": 0.0f,
            "TransY": 0.0f,
            "TransX": 0.0f,
            "ScaleY": 1.0f,
            "ScaleX": 1.0f
        },
        "Arms2Config": {
            "NotShared": 0b,
            "ScaleZ": 1.0f,
            "TransZ": 0.0f,
            "TransY": 0.0f,
            "TransX": 0.0f,
            "ScaleY": 1.0f,
            "ScaleX": 1.0f
        },
        "Parts": [
        ],
        "NewParts": [
        ],
        "WingMode": 0,
        "DisplayName": "",
        "Animation": 0,
        "ModelType": 0,
        "LastEdited": 1721774827947L
    },
    "VisibleAvailability": {
        "AvailabilityQuestId": -1,
        "AvailabilityScoreboardType": 1,
        "AvailabilityFactionStance": 0,
        "AvailabilityScoreboard2Value": 1,
        "AvailabilityQuest": 0,
        "AvailabilityDialog4": 0,
        "AvailabilityScoreboardObjective": "",
        "AvailabilityDialog3": 0,
        "AvailabilityQuest2": 0,
        "AvailabilityQuest3": 0,
        "AvailabilityScoreboard2Objective": "",
        "AvailabilityQuest4": 0,
        "ModRev": 18,
        "AvailabilityDialog2": 0,
        "AvailabilityDayTime": 0,
        "AvailabilityFaction2Id": -1,
        "AvailabilityScoreboardValue": 1,
        "AvailabilityFaction": 0,
        "AvailabilityDialog": 0,
        "AvailabilityScoreboard2Type": 1,
        "AvailabilityFaction2": 0,
        "AvailabilityFactionId": -1,
        "AvailabilityFaction2Stance": 0,
        "AvailabilityDialogId": -1,
        "AvailabilityQuest4Id": -1,
        "AvailabilityQuest3Id": -1,
        "AvailabilityQuest2Id": -1,
        "AvailabilityDialog2Id": -1,
        "AvailabilityDialog3Id": -1,
        "AvailabilityDialog4Id": -1,
        "AvailabilityMinPlayerLevel": 0
    },
    "minDelay": 5,
    "DoorInteract": 1,
    "MoveSpeed": 5,
    "TransformEditingModus": 0b,
    "UsingSkinUrl": 2b,
    "SkinUrl": "https://www.minecraftskins.com/uploads/skins/2021/07/30/cerdo-smat-18534052.png?v643",
    "CanSwim": 1b,
    "GroundSound": "minecraft:block.stone.break",
    "MaxHealth": 20,
    "HideBodyWhenKilled": 0b,
    "AttackSpeed": 20,
    "PotionDuration": 5,
    "maxDelay": 10,
    "ScriptEnabled": 0b,
    "Role": 0,
    "DropChance": [
        {
            "Integer": 100.0f,
            "Slot": 0
        },
        {
            "Integer": 100.0f,
            "Slot": 1
        },
        {
            "Integer": 100.0f,
            "Slot": 2
        },
        {
            "Integer": 100.0f,
            "Slot": 3
        },
        {
            "Integer": 100.0f,
            "Slot": 4
        },
        {
            "Integer": 100.0f,
            "Slot": 5
        },
        {
            "Integer": 100.0f,
            "Slot": 6
        },
        {
            "Integer": 100.0f,
            "Slot": 7
        },
        {
            "Integer": 100.0f,
            "Slot": 8
        }
    ],
    "FactionPoints": {
        "DecreaseFaction1Points": 0b,
        "OptionFaction2Points": 100,
        "OptionFactions1": -1,
        "OptionFactions2": -1,
        "OptionFaction1Points": 100,
        "DecreaseFaction2Points": 0b
    },
    "pDamage": 100,
    "KilledTime": 0L,
    "AimWhileShooting": 0b,
    "CanPickUpLoot": 0b,
    "AttackOtherFactions": 1b,
    "CanDrown": 1b,
    "pSize": 5,
    "CanSprint": 0b,
    "CanLeap": 0b,
    "TransformIsActive": 0b,
    "ForgeData": {
        "cnpcmarkdata": {
            "marks": [
            ]
        },
        "inair": 0b
    },
    "MovingState": 0,
    "MovingPos": 0,
    "PotionAmp": 0,
    "OnAttack": 0,
    "FallFlying": 0b,
    "MaxExp": 0,
    "OrderedLines": 0b,
    "PortalCooldown": 0,
    "pGlows": 0b,
    "TransformHasAdvanced": 0b,
    "TransformHasStats": 0b,
    "MovementType": 0,
    "FiringSound": "customnpcs:gun.pistol.shot",
    "ModRev": 18,
    "Accuracy": 100,
    "MinExp": 0,
    "Armor": [
    ],
    "CloakTexture": "",
    "GlowTexture": "",
    "MaxFiringRange": 15,
    "pXlr8": 0b,
    "MarkovGeneratorId": 1,
    "Scripts": [
    ],
    "Health": 20.0f,
    "pStick": 0b,
    "MovingPause": 1b,
    "NpcDeathSound": "minecraft:entity.player.hurt",
    "FactionID": 0,
    "Title": "",
    "TotalTicksAlive": 28639L,
    "Rotation": [
        360.0f,
        0.0f
    ],
    "ShowName": 0,
    "npcInteracting": 1b,
    "AvoidsWater": 0b,
    "NoLivingAnimation": 0b,
    "SpawnCycle": 0
}
