{"stats":{"minecraft:killed_by":{"minecraft:zombie":2,"minecraft:player":2,"minecraft:skeleton":1,"cave_dweller:cave_dweller":1},"minecraft:broken":{"minecraft:golden_shovel":2,"ancient_elements:stone_hammer":6,"minecraft:stone_pickaxe":2,"minecraft:stone_axe":4,"ancient_elements:tin_axe":1,"minecraft:stone_shovel":1,"ancient_elements:palladium_hammer":1,"minecraft:stone_hoe":2,"ancient_elements:tin_pickaxe":1,"vanillaplustools:stone_shovel":1,"ancient_elements:lead_hammer":1},"minecraft:custom":{"minecraft:interact_with_crafting_table":204,"minecraft:open_barrel":27,"minecraft:leave_game":19,"minecraft:time_since_death":230408,"minecraft:sprint_one_cm":2298777,"minecraft:damage_blocked_by_shield":1560,"minecraft:drop":43,"minecraft:talked_to_villager":2,"minecraft:play_time":1038972,"minecraft:deaths":9,"minecraft:jump":9455,"minecraft:walk_on_water_one_cm":75529,"minecraft:interact_with_furnace":260,"minecraft:traded_with_villager":16,"minecraft:sleep_in_bed":38,"minecraft:damage_dealt":12467,"minecraft:player_kills":2,"minecraft:crouch_one_cm":280540,"minecraft:interact_with_smithing_table":5,"minecraft:mob_kills":86,"minecraft:interact_with_campfire":17,"minecraft:climb_one_cm":104474,"minecraft:walk_one_cm":2399543,"minecraft:sneak_time":70087,"minecraft:walk_under_water_one_cm":76861,"minecraft:boat_one_cm":435473,"minecraft:total_world_time":1038972,"spartanshields:shield_bash_hits":1,"minecraft:tune_noteblock":3,"minecraft:interact_with_stonecutter":35,"minecraft:time_since_rest":31194,"minecraft:damage_taken":8565,"minecraft:swim_one_cm":99611,"minecraft:fly_one_cm":2330992,"minecraft:open_chest":507,"minecraft:fall_one_cm":236571},"minecraft:killed":{"minecraft:cave_spider":1,"graveyard:skeleton_creeper":1,"minecraft:spider":5,"minecraft:skeleton":8,"minecraft:chicken":7,"minecraft:pig":9,"minecraft:salmon":4,"mutantmonsters:mutant_skeleton":1,"minecraft:creeper":1,"minecraft:sheep":13,"minecraft:zombie":19,"minecraft:cow":13,"minecraft:drowned":1,"minecraft:rabbit":1,"minecraft:enderman":1},"minecraft:mined":{"regions_unexplored:golden_larch_leaves":3,"minecraft:white_bed":4,"regions_unexplored:maple_log":60,"minecraft:cobblestone_stairs":10,"minecraft:obsidian":2,"cataclysm:stone_tiles":26,"regions_unexplored:larch_planks":69,"minecraft:granite":90,"minecraft:grass_block":284,"regions_unexplored:larch_stairs":12,"minecraft:coal_block":1,"minecraft:composter":3,"tacz:gun_smith_table":1,"minecraft:spawner":1,"minecraft:iron_ore":61,"minecraft:cobbled_deepslate":13,"minecraft:turtle_egg":2,"regions_unexplored:mossy_stone":1,"minecraft:pumpkin":8,"ancient_elements:tin_ore":14,"minecraft:azure_bluet":2,"minecraft:oak_sign":1,"minecraft:oak_stairs":1,"regions_unexplored:larch_log":420,"regions_unexplored:silt_grass_block":7,"minecraft:spruce_slab":2,"minecraft:deepslate_redstone_ore":2,"ironfurnaces:iron_furnace":1,"minecraft:torch":4,"regions_unexplored:peat_grass_block":18,"minecraft:melon":94,"ancient_elements:deepslate_tin_ore":1,"minecraft:cobblestone":15,"minecraft:sugar_cane":13,"minecraft:iron_door":1,"minecraft:wall_torch":3,"minecraft:wheat":470,"travelersbackpack:sandstone":3,"minecraft:grass":22,"minecraft:oak_log":1,"regions_unexplored:peat_dirt":1,"minecraft:sand":193,"minecraft:dirt":1642,"minecraft:stonecutter":2,"minecraft:oak_leaves":115,"minecraft:deepslate":740,"minecraft:deepslate_tiles":10,"minecraft:tuff":12,"minecraft:mossy_cobblestone":1,"ancient_elements:lead_ore":5,"minecraft:deepslate_diamond_ore":5,"gravestone:gravestone":9,"minecraft:ladder":2,"cataclysm:stone_tile_stairs":1,"regions_unexplored:maple_leaves":1,"minecraft:kelp":1,"minecraft:large_fern":2,"minecraft:hay_block":122,"minecraft:furnace":1,"minecraft:andesite":66,"regions_unexplored:larch_leaves":35,"minecraft:gold_block":1,"minecraft:bookshelf":14,"minecraft:potatoes":29,"minecraft:deepslate_iron_ore":2,"ancient_elements:palladium_ore":1,"minecraft:rail":2,"regions_unexplored:medium_grass":14,"regions_unexplored:orange_maple_leaf_pile":1,"minecraft:stone":1133,"minecraft:smithing_table":1,"minecraft:scaffolding":21,"minecraft:lily_of_the_valley":5,"minecraft:stone_brick_slab":10,"travelersbackpack:standard":7,"minecraft:oak_fence":2,"minecraft:crafting_table":7,"regions_unexplored:silt_dirt":17,"minecraft:tall_grass":1,"minecraft:copper_ore":9,"minecraft:dried_kelp_block":1,"minecraft:lapis_ore":5,"minecraft:diorite":50,"minecraft:birch_planks":15,"minecraft:coarse_dirt":149,"minecraft:coal_ore":90,"minecraft:gravel":42,"minecraft:gold_ore":2,"minecraft:fern":1,"regions_unexplored:larch_shrub":2},"minecraft:dropped":{"minecraft:iron_sword":1,"regions_unexplored:larch_planks":18,"ancient_elements:stone_hammer":1,"ancient_elements:palladium_sword":1,"gravestone:obituary":5,"ancient_elements:tin_pickaxe":1,"minecraft:gold_ingot":3,"minecraft:gravel":27,"minecraft:cobbled_deepslate":28,"regions_unexplored:white_trillium":3,"minecraft:bread":58,"minecraft:wheat_seeds":6,"minecraft:granite":12,"minecraft:stick":3,"minecraft:string":2,"minecraft:coarse_dirt":10,"mca:needle_and_thread":1},"minecraft:picked_up":{"minecraft:wheat":474,"regions_unexplored:larch_planks":87,"minecraft:smithing_table":1,"regions_unexplored:silt_dirt":24,"minecraft:oak_stairs":1,"minecraft:golden_shovel":1,"ancient_elements:raw_palladium":11,"minecraft:string":9,"cannibal:bone_mask":1,"minecraft:raw_copper":227,"minecraft:oak_sign":1,"ancient_elements:stone_hammer":1,"minecraft:deepslate_tiles":9,"minecraft:cobbled_deepslate":6333,"regions_unexplored:maple_shrub":2,"regions_unexplored:larch_log":415,"minecraft:melon_slice":473,"minecraft:coal_block":1,"minecraft:furnace":1,"minecraft:stick":34,"minecraft:composter":3,"minecraft:oak_fence":2,"minecraft:torch":26,"minecraft:porkchop":16,"minecraft:diorite":363,"mutantmonsters:mutant_skeleton_pelvis":1,"minecraft:rotten_flesh":30,"minecraft:cow_spawn_egg":1,"minecraft:bookshelf":14,"mutantmonsters:mutant_skeleton_shoulder_pad":2,"minecraft:obsidian":8,"minecraft:cobblestone":8123,"minecraft:feather":2,"minecraft:cooked_beef":6,"minecraft:iron_door":1,"minecraft:andesite":629,"minecraft:potato":107,"ancient_elements:raw_lead":24,"minecraft:flint":5,"minecraft:tuff":56,"regions_unexplored:peat_grass_block":10,"minecraft:lapis_lazuli":192,"minecraft:dirt":1861,"securitycraft:reinforced_stone_button":8,"minecraft:bone":10,"minecraft:stonecutter":2,"minecraft:wheat_seeds":1330,"minecraft:raw_gold":23,"regions_unexplored:larch_shrub":2,"minecraft:rabbit":1,"tacz:gun_smith_table":1,"ironfurnaces:iron_furnace":1,"regions_unexplored:larch_stairs":12,"minecraft:cooked_porkchop":6,"minecraft:pig_spawn_egg":1,"minecraft:sand":193,"minecraft:grass_block":6,"minecraft:lily_of_the_valley":5,"securitycraft:reinforced_dispenser":1,"minecraft:mossy_cobblestone":5,"cataclysm:stone_tiles":26,"minecraft:diamond":18,"minecraft:granite":581,"minecraft:grass":2,"minecraft:oak_sapling":1,"minecraft:oak_leaves":90,"minecraft:coarse_dirt":151,"minecraft:crafting_table":7,"minecraft:azure_bluet":2,"minecraft:chicken":7,"minecraft:ladder":2,"cataclysm:stone_tile_stairs":1,"minecraft:cooked_rabbit":1,"regions_unexplored:white_trillium":3,"minecraft:gold_block":1,"travelersbackpack:sandstone":4,"gravestone:obituary":2,"minecraft:moss_carpet":4,"tacz:ammo":120,"regions_unexplored:medium_grass":1,"minecraft:beef":21,"minecraft:spruce_slab":2,"minecraft:sugar_cane":28,"minecraft:raw_iron":320,"ancient_elements:raw_steel":22,"useless_sword:turtle_sword":1,"minecraft:copper_ingot":1,"ancient_elements:raw_tin":57,"minecraft:redstone":133,"minecraft:arrow":7,"regions_unexplored:maple_sapling":1,"ancient_elements:palladium_sword":1,"minecraft:hay_block":122,"mutantmonsters:mutant_skeleton_rib":4,"regions_unexplored:larch_leaves":13,"minecraft:mutton":21,"minecraft:white_wool":13,"minecraft:rail":2,"regions_unexplored:peat_dirt":33,"minecraft:salmon":3,"minecraft:leather":6,"minecraft:fern":2,"minecraft:birch_planks":14,"minecraft:oak_log":1,"minecraft:chainmail_chestplate":1,"mutantmonsters:mutant_skeleton_limb":7,"minecraft:gunpowder":2,"minecraft:cobblestone_stairs":12,"mowziesmobs:wrought_axe":1,"minecraft:cooked_mutton":13,"minecraft:kelp":1,"minecraft:cooked_chicken":2,"regions_unexplored:larch_sapling":1,"minecraft:iron_sword":1,"regions_unexplored:orange_maple_leaf_pile":2,"minecraft:scaffolding":22,"minecraft:pumpkin":8,"minecraft:stone_brick_slab":16,"minecraft:gravel":64,"minecraft:white_bed":4,"securitycraft:reinforced_iron_block":3,"minecraft:spider_eye":2,"ancient_elements:tin_pickaxe":1,"travelersbackpack:standard":7,"minecraft:dried_kelp_block":1,"tacz:modern_kinetic_gun":1,"minecraft:chainmail_leggings":1,"regions_unexplored:maple_log":61,"minecraft:black_wool":1,"minecraft:coal":481},"minecraft:crafted":{"ancient_elements:lead_hammer":1,"minecraft:oak_planks":4,"regions_unexplored:maple_planks":176,"ancient_elements:tin_axe":1,"minecraft:cooked_chicken":5,"regions_unexplored:larch_planks":1088,"minecraft:stone":590,"securitycraft:keypad_item":1,"minecraft:heavy_weighted_pressure_plate":1,"minecraft:cooked_mutton":9,"regions_unexplored:larch_sapling":4,"securitycraft:laser_block":1,"minecraft:glass":192,"minecraft:stone_brick_slab":2,"minecraft:bow":1,"regions_unexplored:larch_door":9,"ancient_elements:palladium_hammer":2,"minecraft:chest":29,"minecraft:iron_door":3,"vanillaplustools:stone_shovel":2,"ancient_elements:tin_pickaxe":1,"minecraft:stone_hoe":3,"minecraft:stone_bricks":1,"regions_unexplored:larch_stairs":20,"regions_unexplored:larch_boat":1,"minecraft:emerald":16,"minecraft:cooked_porkchop":14,"minecraft:crafting_table":24,"travelersbackpack:standard":2,"minecraft:wooden_pickaxe":1,"minecraft:iron_helmet":1,"minecraft:copper_ingot":50,"minecraft:gold_block":1,"ancient_elements:steel_chestplate":1,"minecraft:campfire":3,"ancient_elements:tin_ingot":10,"minecraft:dispenser":1,"minecraft:book":1,"minecraft:paper":3,"minecraft:charcoal":1,"minecraft:shield":1,"regions_unexplored:maple_button":2,"cataclysm:stone_tile_stairs":1,"minecraft:stick":408,"minecraft:iron_ingot":176,"minecraft:iron_block":4,"minecraft:stone_sword":1,"minecraft:gold_ingot":23,"minecraft:light_gray_dye":2,"minecraft:redstone_torch":13,"ancient_elements:stone_hammer":7,"minecraft:composter":2,"regions_unexplored:maple_slab":18,"minecraft:shears":1,"securitycraft:universal_block_reinforcer_lvl1":1,"minecraft:stone_shovel":20,"minecraft:redstone":17,"minecraft:coal":47,"securitycraft:sentry":1,"ironfurnaces:gold_furnace":1,"ancient_elements:steel_ingot":13,"minecraft:furnace":12,"minecraft:stone_button":58,"minecraft:light_gray_wool":2,"mca:bouquet":1,"minecraft:glass_pane":80,"ancient_elements:steel_boots":1,"ancient_elements:steel_leggings":1,"minecraft:iron_axe":1,"minecraft:ladder":114,"travelersbackpack:light_gray_sleeping_bag":1,"minecraft:stone_pickaxe":2,"minecraft:redstone_block":12,"minecraft:wheat":216,"minecraft:sugar":14,"minecraft:cooked_beef":18,"securitycraft:portable_radar":6,"minecraft:enchanting_table":1,"travelersbackpack:backpack_tank":2,"minecraft:iron_sword":2,"minecraft:cooked_salmon":3,"tacz:gun_smith_table":1,"ironfurnaces:upgrade_iron":1,"minecraft:bucket":1,"regions_unexplored:maple_boat":2,"minecraft:stone_axe":4,"minecraft:bread":123,"minecraft:air":0,"ancient_elements:lead_ingot":8,"minecraft:gunpowder":9,"ancient_elements:palladium_ingot":6,"minecraft:stonecutter":1,"minecraft:white_bed":3,"regions_unexplored:larch_slab":12,"minecraft:torch":244},"minecraft:used":{"regions_unexplored:silt_dirt":9,"minecraft:moss_carpet":1,"minecraft:ladder":98,"minecraft:chest":28,"minecraft:shield":44,"regions_unexplored:peat_grass_block":10,"minecraft:iron_sword":32,"minecraft:stone":7,"customnpcs:npcwand":1,"securitycraft:keypad_item":1,"cataclysm:stone_tiles":461,"minecraft:glass":65,"minecraft:grass_block":6,"minecraft:iron_helmet":1,"minecraft:stone_bricks":1,"minecraft:scaffolding":18,"minecraft:furnace":11,"minecraft:cooked_cod":16,"minecraft:skeleton_skull":1,"minecraft:potato":109,"regions_unexplored:maple_button":2,"minecraft:diorite":4,"minecraft:stone_pickaxe":260,"minecraft:wooden_pickaxe":10,"minecraft:composter":5,"minecraft:sugar_cane":11,"minecraft:oak_leaves":89,"regions_unexplored:larch_slab":12,"minecraft:shears":109,"minecraft:deepslate_tiles":72,"minecraft:melon_slice":21,"minecraft:bread":53,"regions_unexplored:larch_stairs":31,"minecraft:iron_door":3,"minecraft:gravel":7,"minecraft:golden_helmet":1,"regions_unexplored:larch_door":3,"minecraft:smithing_table":1,"minecraft:cooked_rabbit":1,"minecraft:andesite":66,"travelersbackpack:sandstone":48,"regions_unexplored:maple_boat":2,"regions_unexplored:larch_sapling":4,"ironfurnaces:gold_furnace":1,"minecraft:enchanting_table":1,"minecraft:stone_sword":98,"ancient_elements:palladium_hammer":947,"minecraft:stone_shovel":200,"tacz:gun_smith_table":2,"minecraft:cooked_salmon":3,"minecraft:stone_hoe":320,"minecraft:cooked_chicken":7,"regions_unexplored:maple_planks":4,"minecraft:torch":228,"minecraft:dirt":1673,"ancient_elements:tin_axe":204,"minecraft:cobblestone_wall":134,"minecraft:golden_shovel":64,"minecraft:granite":70,"minecraft:fern":2,"ancient_elements:stone_hammer":811,"minecraft:stone_brick_slab":102,"minecraft:bookshelf":14,"minecraft:iron_axe":25,"securitycraft:sentry":1,"regions_unexplored:larch_planks":712,"minecraft:cooked_beef":24,"minecraft:cobbled_deepslate":91,"minecraft:wheat_seeds":564,"minecraft:cooked_mutton":22,"minecraft:water_bucket":93,"minecraft:cobblestone_stairs":126,"ancient_elements:palladium_sword":2,"regions_unexplored:peat_dirt":2,"regions_unexplored:larch_boat":1,"minecraft:stonecutter":3,"ancient_elements:lead_hammer":232,"minecraft:crafting_table":29,"minecraft:white_bed":7,"vanillaplustools:stone_shovel":238,"minecraft:campfire":3,"cataclysm:stone_tile_stairs":9,"regions_unexplored:orange_maple_leaf_pile":2,"mowziesmobs:wrought_axe":4,"minecraft:map":1,"regions_unexplored:larch_log":107,"minecraft:stone_axe":502,"minecraft:cobblestone":305,"travelersbackpack:standard":90,"minecraft:cooked_porkchop":20,"minecraft:bucket":94,"minecraft:glass_pane":62,"ancient_elements:tin_pickaxe":204,"regions_unexplored:maple_log":7}},"DataVersion":3465}