{"stats":{"minecraft:crafted":{"minecraft:wooden_sword":1,"regions_unexplored:mauve_planks":28,"minecraft:charcoal":1,"minecraft:crafting_table":1,"minecraft:stick":12,"minecraft:wooden_pickaxe":1,"minecraft:stone_pickaxe":1,"minecraft:stone_sword":1,"minecraft:chest":1,"minecraft:furnace":1,"ancient_elements:stone_hammer":1,"minecraft:campfire":1,"minecraft:air":0},"minecraft:killed_by":{"sanitydim:sneaking_terror":1},"minecraft:killed":{"minecraft:sheep":2,"minecraft:pig":3,"minecraft:chicken":6,"minecraft:cow":2},"minecraft:used":{"ancient_elements:stone_hammer":17,"minecraft:stone_sword":20,"minecraft:stone_pickaxe":40,"minecraft:chest":1,"minecraft:wooden_pickaxe":13,"minecraft:cooked_chicken":1,"minecraft:cobblestone":102,"minecraft:wooden_sword":14,"minecraft:mutton":2,"minecraft:crafting_table":3,"minecraft:furnace":2,"minecraft:cooked_porkchop":1,"minecraft:campfire":1},"minecraft:custom":{"minecraft:time_since_rest":15076,"minecraft:damage_taken":280,"minecraft:interact_with_furnace":2,"minecraft:sprint_one_cm":60453,"minecraft:walk_one_cm":157006,"minecraft:mob_kills":13,"minecraft:damage_dealt":1000,"minecraft:fly_one_cm":111055,"minecraft:interact_with_crafting_table":10,"minecraft:swim_one_cm":13696,"minecraft:open_chest":5,"minecraft:crouch_one_cm":5403,"minecraft:deaths":1,"minecraft:play_time":41468,"minecraft:interact_with_campfire":16,"minecraft:sneak_time":2425,"minecraft:walk_under_water_one_cm":2908,"minecraft:jump":654,"minecraft:walk_on_water_one_cm":2957,"minecraft:time_since_death":15012,"minecraft:total_world_time":41468,"minecraft:fall_one_cm":13844},"minecraft:mined":{"regions_unexplored:hyssop":3,"minecraft:furnace":1,"minecraft:crafting_table":2,"gravestone:gravestone":1,"minecraft:grass":27,"minecraft:grass_block":6,"minecraft:dirt":21,"regions_unexplored:medium_grass":8,"regions_unexplored:mauve_log":13,"regions_unexplored:daisy":2,"minecraft:stone":65,"regions_unexplored:fireweed":2},"minecraft:picked_up":{"minecraft:cooked_beef":1,"minecraft:crafting_table":2,"minecraft:feather":4,"minecraft:chicken":6,"minecraft:cooked_porkchop":3,"minecraft:leather":1,"minecraft:porkchop":5,"regions_unexplored:daisy":3,"minecraft:dirt":27,"regions_unexplored:hyssop":4,"regions_unexplored:fireweed":2,"minecraft:wheat_seeds":2,"regions_unexplored:mauve_log":14,"minecraft:beef":3,"minecraft:cooked_chicken":6,"minecraft:gray_wool":1,"minecraft:mutton":4,"minecraft:egg":1,"minecraft:white_wool":1,"minecraft:cobblestone":201,"minecraft:furnace":1}},"DataVersion":3465}