{"stats":{"minecraft:dropped":{"minecraft:bread":6},"minecraft:picked_up":{"minecraft:scaffolding":4,"minecraft:stick":3,"minecraft:crafting_table":1,"minecraft:wheat":1,"regions_unexplored:silt_dirt":23,"minecraft:oak_log":1,"minecraft:dirt":1,"minecraft:rotten_flesh":2,"minecraft:wheat_seeds":3,"minecraft:hay_block":13,"regions_unexplored:maple_log":9,"minecraft:coal":11,"regions_unexplored:orange_maple_leaf_pile":2,"minecraft:cobblestone":244},"minecraft:mined":{"minecraft:hay_block":13,"minecraft:scaffolding":4,"regions_unexplored:maple_log":9,"minecraft:crafting_table":1,"minecraft:grass":3,"minecraft:grass_block":1,"minecraft:oak_log":1,"regions_unexplored:silt_dirt":16,"regions_unexplored:maple_leaves":1,"regions_unexplored:medium_grass":1,"regions_unexplored:orange_maple_leaf_pile":1,"minecraft:stone":57,"regions_unexplored:silt_grass_block":7},"minecraft:crafted":{"minecraft:oak_planks":4,"minecraft:charcoal":1,"minecraft:crafting_table":1,"minecraft:stick":12,"regions_unexplored:maple_planks":12,"minecraft:wooden_pickaxe":1,"minecraft:stone_pickaxe":1,"minecraft:stone_sword":1,"minecraft:furnace":1,"ancient_elements:stone_hammer":1,"minecraft:torch":12,"minecraft:campfire":1,"minecraft:stone_axe":1,"minecraft:air":0,"minecraft:bread":39,"minecraft:wheat":117},"minecraft:used":{"ancient_elements:stone_hammer":26,"minecraft:stone_sword":3,"minecraft:stone_pickaxe":21,"minecraft:bread":7,"minecraft:map":1,"minecraft:wooden_pickaxe":10,"minecraft:stone_axe":8,"minecraft:torch":2,"minecraft:dirt":1,"minecraft:crafting_table":2,"minecraft:furnace":1,"minecraft:campfire":1,"regions_unexplored:orange_maple_leaf_pile":2},"minecraft:custom":{"minecraft:time_since_rest":51971,"minecraft:interact_with_furnace":4,"minecraft:sprint_one_cm":112064,"minecraft:damage_taken":104,"minecraft:walk_one_cm":137816,"minecraft:mob_kills":1,"minecraft:drop":6,"minecraft:damage_dealt":263,"minecraft:interact_with_crafting_table":14,"minecraft:fly_one_cm":282623,"minecraft:open_chest":1,"minecraft:crouch_one_cm":1278,"minecraft:play_time":76255,"minecraft:sneak_time":549,"minecraft:jump":539,"minecraft:leave_game":1,"minecraft:time_since_death":76255,"minecraft:walk_on_water_one_cm":170,"minecraft:sleep_in_bed":2,"minecraft:total_world_time":76255,"minecraft:climb_one_cm":538,"minecraft:fall_one_cm":11495},"minecraft:killed":{"minecraft:zombie":1}},"DataVersion":3465}