{"stats":{"minecraft:dropped":{"minecraft:bread":14,"regions_unexplored:larch_planks":10,"ancient_elements:stone_hammer":1,"mca:needle_and_thread":1,"gravestone:obituary":5,"minecraft:string":2},"minecraft:picked_up":{"minecraft:crafting_table":1,"minecraft:wheat":1,"minecraft:cooked_beef":6,"regions_unexplored:larch_planks":10,"regions_unexplored:silt_dirt":24,"ancient_elements:raw_lead":4,"minecraft:flint":1,"minecraft:oak_log":1,"gravestone:obituary":2,"minecraft:dirt":1,"cannibal:bone_mask":1,"minecraft:string":4,"minecraft:raw_copper":20,"minecraft:cooked_mutton":2,"ancient_elements:stone_hammer":1,"minecraft:wheat_seeds":3,"regions_unexplored:larch_log":3,"minecraft:rabbit":1,"regions_unexplored:orange_maple_leaf_pile":2,"minecraft:scaffolding":4,"minecraft:stick":15,"minecraft:raw_iron":8,"minecraft:cooked_porkchop":4,"minecraft:oak_fence":2,"minecraft:torch":3,"ancient_elements:raw_tin":10,"minecraft:diorite":6,"minecraft:spider_eye":1,"minecraft:rotten_flesh":2,"minecraft:hay_block":13,"minecraft:granite":3,"regions_unexplored:maple_log":34,"minecraft:mutton":1,"minecraft:coal":107,"minecraft:white_wool":1,"minecraft:rail":2,"minecraft:cobblestone":977},"minecraft:mined":{"minecraft:scaffolding":4,"ancient_elements:lead_ore":4,"regions_unexplored:maple_log":34,"minecraft:oak_fence":2,"minecraft:crafting_table":1,"minecraft:torch":2,"gravestone:gravestone":3,"minecraft:granite":3,"minecraft:grass_block":1,"regions_unexplored:silt_dirt":17,"regions_unexplored:maple_leaves":1,"minecraft:hay_block":13,"minecraft:iron_ore":8,"ancient_elements:tin_ore":10,"minecraft:grass":3,"minecraft:oak_log":1,"minecraft:coal_ore":20,"minecraft:rail":2,"minecraft:gravel":1,"regions_unexplored:medium_grass":2,"regions_unexplored:orange_maple_leaf_pile":1,"regions_unexplored:larch_log":3,"minecraft:stone":172,"regions_unexplored:silt_grass_block":7},"minecraft:crafted":{"minecraft:oak_planks":4,"minecraft:crafting_table":2,"regions_unexplored:maple_planks":24,"minecraft:wooden_pickaxe":1,"minecraft:furnace":2,"regions_unexplored:larch_planks":12,"minecraft:campfire":2,"minecraft:stone_axe":1,"minecraft:bread":39,"minecraft:air":0,"minecraft:charcoal":1,"minecraft:stick":16,"minecraft:stone_pickaxe":1,"minecraft:chest":2,"minecraft:stone_sword":1,"ancient_elements:stone_hammer":1,"minecraft:torch":60,"minecraft:wheat":117},"minecraft:used":{"regions_unexplored:silt_dirt":9,"minecraft:cooked_mutton":1,"minecraft:stone_sword":24,"minecraft:stone_pickaxe":88,"minecraft:chest":2,"minecraft:wooden_pickaxe":10,"minecraft:torch":24,"minecraft:dirt":1,"minecraft:crafting_table":3,"minecraft:campfire":2,"regions_unexplored:orange_maple_leaf_pile":2,"ancient_elements:stone_hammer":121,"minecraft:bread":15,"minecraft:map":1,"minecraft:stone_axe":38,"minecraft:cobblestone":55,"minecraft:furnace":2,"minecraft:cooked_beef":5,"regions_unexplored:maple_log":7},"minecraft:custom":{"minecraft:interact_with_furnace":11,"minecraft:mob_kills":5,"minecraft:interact_with_crafting_table":19,"minecraft:interact_with_campfire":2,"minecraft:leave_game":2,"minecraft:time_since_death":7970,"minecraft:sleep_in_bed":3,"minecraft:climb_one_cm":538,"minecraft:time_since_rest":6302,"minecraft:sprint_one_cm":221265,"minecraft:damage_taken":1695,"minecraft:walk_one_cm":276708,"minecraft:drop":23,"minecraft:damage_dealt":714,"minecraft:fly_one_cm":376676,"minecraft:open_chest":11,"minecraft:crouch_one_cm":6969,"minecraft:play_time":121832,"minecraft:deaths":3,"minecraft:sneak_time":2638,"minecraft:walk_under_water_one_cm":1886,"minecraft:jump":1248,"minecraft:walk_on_water_one_cm":492,"minecraft:total_world_time":121832,"minecraft:fall_one_cm":30389},"minecraft:killed_by":{"minecraft:skeleton":1,"minecraft:zombie":2},"minecraft:killed":{"minecraft:cave_spider":1,"minecraft:rabbit":1,"minecraft:spider":1,"minecraft:sheep":1,"minecraft:zombie":1}},"DataVersion":3465}