{"stats":{"minecraft:crafted":{"minecraft:cooked_beef":6,"minecraft:wooden_sword":1,"minecraft:oak_planks":24,"minecraft:crafting_table":1,"minecraft:wooden_pickaxe":1,"minecraft:furnace":1,"minecraft:campfire":1,"minecraft:air":0,"regions_unexplored:mauve_planks":28,"minecraft:charcoal":1,"minecraft:stick":12,"minecraft:stone_pickaxe":1,"minecraft:stone_sword":1,"minecraft:chest":1,"ancient_elements:stone_hammer":1,"regions_unexplored:magnolia_planks":8},"minecraft:dropped":{"ancient_elements:stone_hammer":1},"minecraft:killed_by":{"sanitydim:sneaking_terror":1,"ancient_elements:aetherial_glaze":2,"minecraft:zombified_piglin":1},"minecraft:killed":{"minecraft:pig":4,"minecraft:zombified_piglin":1,"minecraft:sheep":2,"minecraft:chicken":6,"minecraft:cow":4},"minecraft:used":{"minecraft:stone_sword":35,"minecraft:stone_pickaxe":45,"minecraft:chest":1,"minecraft:wooden_pickaxe":13,"minecraft:cooked_chicken":3,"minecraft:mutton":2,"minecraft:crafting_table":3,"minecraft:red_bed":1,"minecraft:campfire":1,"regions_unexplored:magnolia_planks":2,"ancient_elements:stone_hammer":43,"minecraft:wooden_sword":14,"minecraft:cobblestone":148,"minecraft:furnace":2,"minecraft:cooked_porkchop":2,"minecraft:cooked_beef":2},"minecraft:custom":{"minecraft:interact_with_furnace":7,"minecraft:mob_kills":17,"minecraft:interact_with_crafting_table":10,"minecraft:interact_with_campfire":19,"minecraft:leave_game":1,"minecraft:time_since_death":5421,"minecraft:sleep_in_bed":1,"minecraft:time_since_rest":5449,"minecraft:sprint_one_cm":103377,"minecraft:damage_taken":2093,"minecraft:walk_one_cm":241966,"minecraft:drop":1,"minecraft:damage_dealt":1688,"minecraft:swim_one_cm":24294,"minecraft:fly_one_cm":188983,"minecraft:player_kills":2,"minecraft:open_chest":16,"minecraft:crouch_one_cm":8758,"minecraft:play_time":65988,"minecraft:deaths":4,"minecraft:sneak_time":3913,"minecraft:walk_under_water_one_cm":4147,"minecraft:jump":1130,"minecraft:walk_on_water_one_cm":4170,"minecraft:total_world_time":65988,"minecraft:fall_one_cm":36966},"minecraft:mined":{"minecraft:mossy_cobblestone":1,"regions_unexplored:magnolia_log":2,"minecraft:crafting_table":3,"gravestone:gravestone":3,"minecraft:grass_block":6,"regions_unexplored:mauve_log":13,"minecraft:cobblestone":1,"regions_unexplored:daisy":2,"regions_unexplored:hyssop":3,"minecraft:furnace":1,"regions_unexplored:white_magnolia_shrub":1,"minecraft:grass":29,"minecraft:oak_log":6,"minecraft:coal_ore":9,"minecraft:dirt":21,"minecraft:stripped_oak_log":1,"regions_unexplored:medium_grass":9,"minecraft:stone":83,"minecraft:oak_leaves":1,"regions_unexplored:fireweed":2},"minecraft:picked_up":{"minecraft:stripped_oak_log":1,"minecraft:crafting_table":3,"minecraft:feather":4,"minecraft:cooked_beef":1,"minecraft:chicken":6,"regions_unexplored:magnolia_log":2,"regions_unexplored:white_magnolia_shrub":1,"minecraft:leather":3,"minecraft:oak_log":6,"gravestone:obituary":1,"minecraft:golden_sword":1,"minecraft:dirt":29,"minecraft:red_bed":1,"minecraft:wheat_seeds":3,"minecraft:gold_nugget":1,"minecraft:beef":9,"minecraft:cooked_chicken":6,"minecraft:furnace":1,"minecraft:egg":1,"minecraft:cooked_porkchop":6,"minecraft:porkchop":8,"regions_unexplored:daisy":3,"regions_unexplored:hyssop":4,"minecraft:rotten_flesh":1,"regions_unexplored:fireweed":2,"regions_unexplored:mauve_log":14,"minecraft:cow_spawn_egg":1,"minecraft:gray_wool":1,"minecraft:mutton":4,"minecraft:coal":43,"minecraft:white_wool":1,"minecraft:cobblestone":375}},"DataVersion":3465}