{"stats":{"minecraft:dropped":{"minecraft:bread":14,"minecraft:wheat_seeds":5,"regions_unexplored:larch_planks":10,"ancient_elements:stone_hammer":1,"gravestone:obituary":5,"minecraft:string":2,"regions_unexplored:white_trillium":3,"mca:needle_and_thread":1},"minecraft:picked_up":{"minecraft:crafting_table":3,"minecraft:coarse_dirt":73,"minecraft:wheat":1,"cataclysm:stone_tile_stairs":1,"minecraft:ladder":1,"regions_unexplored:larch_planks":31,"regions_unexplored:silt_dirt":24,"minecraft:cooked_rabbit":1,"regions_unexplored:white_trillium":3,"gravestone:obituary":2,"minecraft:raw_copper":20,"minecraft:string":4,"cannibal:bone_mask":1,"minecraft:moss_carpet":1,"regions_unexplored:medium_grass":1,"ancient_elements:stone_hammer":1,"regions_unexplored:larch_log":156,"minecraft:furnace":1,"minecraft:raw_iron":8,"minecraft:stick":16,"minecraft:oak_fence":2,"minecraft:torch":3,"ancient_elements:raw_tin":10,"minecraft:diorite":10,"minecraft:arrow":1,"minecraft:rotten_flesh":8,"minecraft:hay_block":13,"regions_unexplored:larch_leaves":13,"minecraft:mutton":10,"minecraft:cobblestone":1730,"minecraft:white_wool":7,"minecraft:rail":2,"minecraft:cooked_beef":6,"minecraft:andesite":31,"minecraft:fern":2,"ancient_elements:raw_lead":12,"minecraft:flint":1,"minecraft:oak_log":1,"minecraft:chainmail_chestplate":1,"minecraft:cobblestone_stairs":8,"minecraft:dirt":987,"minecraft:cooked_mutton":11,"minecraft:bone":2,"minecraft:stonecutter":1,"minecraft:wheat_seeds":16,"minecraft:rabbit":1,"regions_unexplored:orange_maple_leaf_pile":2,"minecraft:scaffolding":6,"minecraft:cooked_porkchop":4,"minecraft:stone_brick_slab":2,"minecraft:gravel":15,"minecraft:white_bed":1,"minecraft:spider_eye":1,"cataclysm:stone_tiles":11,"minecraft:chainmail_leggings":1,"minecraft:granite":49,"minecraft:grass":2,"regions_unexplored:maple_log":34,"minecraft:coal":171,"minecraft:oak_leaves":90},"minecraft:broken":{"ancient_elements:stone_hammer":1,"minecraft:stone_pickaxe":1,"minecraft:stone_axe":1,"vanillaplustools:stone_shovel":1},"minecraft:mined":{"minecraft:white_bed":1,"ancient_elements:lead_ore":5,"regions_unexplored:maple_log":34,"minecraft:cobblestone_stairs":8,"cataclysm:stone_tiles":11,"regions_unexplored:larch_planks":21,"gravestone:gravestone":4,"minecraft:granite":16,"cataclysm:stone_tile_stairs":1,"minecraft:grass_block":192,"regions_unexplored:maple_leaves":1,"minecraft:large_fern":1,"minecraft:hay_block":13,"minecraft:furnace":1,"minecraft:iron_ore":8,"minecraft:andesite":1,"ancient_elements:tin_ore":10,"regions_unexplored:larch_leaves":20,"minecraft:rail":2,"regions_unexplored:medium_grass":4,"regions_unexplored:orange_maple_leaf_pile":1,"regions_unexplored:larch_log":158,"minecraft:stone":281,"regions_unexplored:silt_grass_block":7,"minecraft:scaffolding":6,"minecraft:stone_brick_slab":2,"minecraft:oak_fence":2,"minecraft:crafting_table":3,"minecraft:torch":2,"regions_unexplored:silt_dirt":17,"minecraft:coarse_dirt":73,"minecraft:grass":9,"minecraft:oak_log":1,"minecraft:coal_ore":34,"minecraft:gravel":16,"minecraft:dirt":835,"minecraft:stonecutter":1,"minecraft:oak_leaves":94},"minecraft:crafted":{"minecraft:oak_planks":4,"minecraft:stone_shovel":9,"regions_unexplored:maple_planks":68,"minecraft:furnace":11,"regions_unexplored:larch_planks":316,"minecraft:stone":256,"regions_unexplored:larch_door":3,"minecraft:ladder":3,"minecraft:stone_pickaxe":2,"minecraft:chest":8,"vanillaplustools:stone_shovel":1,"regions_unexplored:larch_stairs":8,"minecraft:wheat":117,"minecraft:crafting_table":6,"minecraft:wooden_pickaxe":1,"minecraft:bucket":1,"minecraft:campfire":3,"minecraft:stone_axe":2,"minecraft:bread":39,"minecraft:air":0,"minecraft:charcoal":1,"minecraft:shield":1,"cataclysm:stone_tile_stairs":1,"minecraft:stick":56,"minecraft:iron_ingot":8,"minecraft:stone_sword":1,"minecraft:stonecutter":1,"minecraft:white_bed":2,"ancient_elements:stone_hammer":2,"minecraft:torch":60,"minecraft:shears":1},"minecraft:used":{"regions_unexplored:silt_dirt":9,"minecraft:moss_carpet":1,"minecraft:stone_sword":64,"minecraft:ladder":3,"minecraft:chest":8,"minecraft:shield":15,"minecraft:torch":32,"minecraft:dirt":680,"cataclysm:stone_tiles":191,"minecraft:golden_shovel":19,"ancient_elements:stone_hammer":221,"minecraft:stone_brick_slab":32,"regions_unexplored:larch_planks":255,"minecraft:scaffolding":2,"minecraft:furnace":10,"minecraft:cooked_beef":5,"minecraft:cooked_mutton":11,"minecraft:water_bucket":14,"minecraft:cobblestone_stairs":116,"minecraft:stone_pickaxe":153,"minecraft:wooden_pickaxe":10,"minecraft:stonecutter":2,"minecraft:oak_leaves":7,"minecraft:crafting_table":7,"vanillaplustools:stone_shovel":131,"minecraft:white_bed":3,"minecraft:campfire":3,"minecraft:shears":109,"cataclysm:stone_tile_stairs":9,"regions_unexplored:orange_maple_leaf_pile":2,"minecraft:bread":15,"regions_unexplored:larch_stairs":8,"minecraft:map":1,"regions_unexplored:larch_log":77,"minecraft:stone_axe":221,"regions_unexplored:larch_door":1,"minecraft:cobblestone":55,"minecraft:cooked_porkchop":3,"minecraft:cooked_rabbit":1,"minecraft:bucket":15,"regions_unexplored:maple_log":7},"minecraft:custom":{"minecraft:mob_kills":15,"minecraft:interact_with_crafting_table":51,"minecraft:interact_with_campfire":11,"minecraft:leave_game":6,"minecraft:time_since_death":31514,"minecraft:climb_one_cm":1384,"minecraft:sprint_one_cm":428327,"minecraft:walk_one_cm":549396,"minecraft:damage_blocked_by_shield":540,"minecraft:drop":25,"minecraft:play_time":229815,"minecraft:deaths":4,"minecraft:sneak_time":25991,"minecraft:walk_under_water_one_cm":10321,"minecraft:jump":2382,"minecraft:walk_on_water_one_cm":5468,"minecraft:total_world_time":229815,"minecraft:interact_with_furnace":42,"spartanshields:shield_bash_hits":1,"minecraft:interact_with_stonecutter":12,"minecraft:sleep_in_bed":10,"minecraft:time_since_rest":6437,"minecraft:damage_taken":2672,"minecraft:damage_dealt":2256,"minecraft:swim_one_cm":20785,"minecraft:fly_one_cm":634995,"minecraft:open_chest":55,"minecraft:crouch_one_cm":103284,"minecraft:fall_one_cm":59965},"minecraft:killed_by":{"minecraft:player":1,"minecraft:skeleton":1,"minecraft:zombie":2},"minecraft:killed":{"minecraft:cave_spider":1,"minecraft:spider":1,"minecraft:skeleton":1,"minecraft:rabbit":1,"minecraft:sheep":7,"minecraft:zombie":4}},"DataVersion":3465}