{"stats":{"minecraft:dropped":{"minecraft:bread":14,"ancient_elements:stone_hammer":1},"minecraft:picked_up":{"minecraft:crafting_table":1,"minecraft:wheat":1,"regions_unexplored:silt_dirt":24,"ancient_elements:raw_lead":4,"minecraft:flint":1,"minecraft:oak_log":1,"gravestone:obituary":1,"minecraft:string":1,"minecraft:dirt":1,"minecraft:raw_copper":20,"ancient_elements:stone_hammer":1,"minecraft:wheat_seeds":3,"regions_unexplored:orange_maple_leaf_pile":2,"minecraft:scaffolding":4,"minecraft:raw_iron":8,"minecraft:stick":15,"minecraft:oak_fence":2,"minecraft:torch":3,"ancient_elements:raw_tin":10,"minecraft:diorite":6,"minecraft:rotten_flesh":2,"minecraft:hay_block":13,"minecraft:granite":3,"regions_unexplored:maple_log":34,"minecraft:coal":107,"minecraft:rail":2,"minecraft:cobblestone":977},"minecraft:mined":{"minecraft:scaffolding":4,"ancient_elements:lead_ore":4,"regions_unexplored:maple_log":34,"minecraft:oak_fence":2,"minecraft:crafting_table":1,"minecraft:torch":2,"gravestone:gravestone":1,"minecraft:granite":3,"minecraft:grass_block":1,"regions_unexplored:silt_dirt":17,"regions_unexplored:maple_leaves":1,"minecraft:hay_block":13,"minecraft:iron_ore":8,"ancient_elements:tin_ore":10,"minecraft:grass":3,"minecraft:oak_log":1,"minecraft:coal_ore":20,"minecraft:rail":2,"minecraft:gravel":1,"regions_unexplored:medium_grass":1,"regions_unexplored:orange_maple_leaf_pile":1,"minecraft:stone":172,"regions_unexplored:silt_grass_block":7},"minecraft:crafted":{"minecraft:oak_planks":4,"minecraft:crafting_table":1,"regions_unexplored:maple_planks":20,"minecraft:wooden_pickaxe":1,"minecraft:furnace":1,"minecraft:campfire":1,"minecraft:stone_axe":1,"minecraft:bread":39,"minecraft:air":0,"minecraft:charcoal":1,"minecraft:stick":12,"minecraft:stone_pickaxe":1,"minecraft:stone_sword":1,"minecraft:chest":1,"ancient_elements:stone_hammer":1,"minecraft:torch":60,"minecraft:wheat":117},"minecraft:used":{"regions_unexplored:silt_dirt":7,"minecraft:stone_sword":6,"minecraft:stone_pickaxe":88,"minecraft:chest":1,"minecraft:wooden_pickaxe":10,"minecraft:torch":22,"minecraft:dirt":1,"minecraft:crafting_table":2,"minecraft:campfire":1,"regions_unexplored:orange_maple_leaf_pile":2,"ancient_elements:stone_hammer":121,"minecraft:bread":10,"minecraft:map":1,"minecraft:stone_axe":35,"minecraft:cobblestone":53,"minecraft:furnace":1,"regions_unexplored:maple_log":7},"minecraft:custom":{"minecraft:interact_with_furnace":6,"minecraft:mob_kills":2,"minecraft:interact_with_crafting_table":15,"minecraft:leave_game":1,"minecraft:time_since_death":1362,"minecraft:sleep_in_bed":2,"minecraft:climb_one_cm":538,"minecraft:time_since_rest":1393,"minecraft:sprint_one_cm":149330,"minecraft:damage_taken":799,"minecraft:walk_one_cm":220900,"minecraft:drop":15,"minecraft:damage_dealt":289,"minecraft:fly_one_cm":301090,"minecraft:open_chest":3,"minecraft:crouch_one_cm":4785,"minecraft:play_time":100255,"minecraft:deaths":2,"minecraft:sneak_time":2105,"minecraft:walk_under_water_one_cm":1293,"minecraft:jump":727,"minecraft:walk_on_water_one_cm":444,"minecraft:total_world_time":100255,"minecraft:fall_one_cm":18799},"minecraft:killed_by":{"minecraft:skeleton":1,"minecraft:zombie":1},"minecraft:killed":{"minecraft:cave_spider":1,"minecraft:zombie":1}},"DataVersion":3465}