{"stats":{"minecraft:custom":{"minecraft:mob_kills":47,"minecraft:interact_with_crafting_table":91,"minecraft:interact_with_campfire":17,"minecraft:leave_game":10,"minecraft:time_since_death":5485,"minecraft:climb_one_cm":15494,"minecraft:sprint_one_cm":969627,"minecraft:walk_one_cm":1097480,"minecraft:damage_blocked_by_shield":570,"minecraft:drop":28,"minecraft:play_time":477781,"minecraft:deaths":5,"minecraft:sneak_time":40956,"minecraft:walk_under_water_one_cm":50958,"minecraft:boat_one_cm":176543,"minecraft:jump":4386,"minecraft:walk_on_water_one_cm":32255,"minecraft:total_world_time":477781,"minecraft:interact_with_furnace":130,"spartanshields:shield_bash_hits":1,"minecraft:interact_with_stonecutter":26,"minecraft:sleep_in_bed":18,"minecraft:time_since_rest":5580,"minecraft:damage_taken":4425,"minecraft:damage_dealt":5269,"minecraft:swim_one_cm":60916,"minecraft:fly_one_cm":1056477,"minecraft:open_chest":110,"minecraft:crouch_one_cm":163345,"minecraft:fall_one_cm":124280},"minecraft:killed_by":{"minecraft:player":1,"minecraft:skeleton":1,"minecraft:zombie":2},"minecraft:killed":{"minecraft:cave_spider":1,"minecraft:spider":3,"minecraft:skeleton":2,"minecraft:chicken":7,"minecraft:pig":9,"minecraft:salmon":4,"minecraft:rabbit":1,"minecraft:sheep":9,"minecraft:zombie":6,"minecraft:cow":5},"minecraft:broken":{"minecraft:golden_shovel":1,"ancient_elements:stone_hammer":2,"minecraft:stone_pickaxe":2,"minecraft:stone_axe":3,"vanillaplustools:stone_shovel":1,"minecraft:stone_shovel":1},"minecraft:mined":{"minecraft:white_bed":2,"ancient_elements:lead_ore":5,"regions_unexplored:maple_log":35,"minecraft:cobblestone_stairs":8,"cataclysm:stone_tiles":24,"regions_unexplored:larch_planks":69,"gravestone:gravestone":5,"minecraft:granite":29,"minecraft:grass_block":197,"cataclysm:stone_tile_stairs":1,"regions_unexplored:larch_stairs":12,"regions_unexplored:maple_leaves":1,"minecraft:large_fern":1,"minecraft:hay_block":24,"minecraft:furnace":1,"minecraft:iron_ore":8,"minecraft:andesite":3,"ancient_elements:tin_ore":14,"regions_unexplored:larch_leaves":25,"minecraft:rail":2,"regions_unexplored:medium_grass":9,"regions_unexplored:orange_maple_leaf_pile":1,"regions_unexplored:larch_log":331,"minecraft:stone":568,"regions_unexplored:silt_grass_block":7,"minecraft:scaffolding":21,"minecraft:stone_brick_slab":10,"minecraft:oak_fence":2,"minecraft:crafting_table":5,"minecraft:torch":2,"regions_unexplored:peat_grass_block":5,"regions_unexplored:silt_dirt":17,"minecraft:sugar_cane":1,"minecraft:diorite":3,"minecraft:wall_torch":2,"minecraft:birch_planks":5,"minecraft:coarse_dirt":73,"minecraft:grass":13,"minecraft:oak_log":1,"minecraft:coal_ore":44,"regions_unexplored:peat_dirt":1,"minecraft:gravel":18,"minecraft:sand":193,"minecraft:dirt":897,"minecraft:stonecutter":2,"minecraft:oak_leaves":100,"minecraft:fern":1,"regions_unexplored:larch_shrub":2},"minecraft:dropped":{"minecraft:bread":43,"minecraft:wheat_seeds":6,"regions_unexplored:larch_planks":10,"minecraft:granite":1,"ancient_elements:stone_hammer":1,"gravestone:obituary":5,"minecraft:string":2,"regions_unexplored:white_trillium":3,"mca:needle_and_thread":1},"minecraft:picked_up":{"minecraft:crafting_table":5,"minecraft:coarse_dirt":73,"minecraft:wheat":1,"minecraft:chicken":7,"minecraft:ladder":1,"regions_unexplored:larch_planks":79,"cataclysm:stone_tile_stairs":1,"regions_unexplored:silt_dirt":24,"minecraft:cooked_rabbit":1,"regions_unexplored:white_trillium":3,"gravestone:obituary":2,"minecraft:raw_copper":51,"minecraft:string":6,"cannibal:bone_mask":1,"minecraft:moss_carpet":4,"regions_unexplored:medium_grass":1,"ancient_elements:stone_hammer":1,"minecraft:cobbled_deepslate":2,"minecraft:beef":12,"regions_unexplored:larch_log":327,"minecraft:sugar_cane":3,"minecraft:furnace":1,"minecraft:stick":17,"minecraft:raw_iron":8,"minecraft:oak_fence":2,"minecraft:torch":16,"minecraft:porkchop":16,"ancient_elements:raw_tin":28,"minecraft:diorite":28,"minecraft:arrow":1,"minecraft:rotten_flesh":8,"minecraft:hay_block":24,"regions_unexplored:larch_leaves":13,"minecraft:mutton":14,"minecraft:cobblestone":3299,"minecraft:rail":2,"minecraft:white_wool":10,"regions_unexplored:peat_dirt":6,"minecraft:feather":2,"minecraft:cooked_beef":6,"minecraft:salmon":3,"minecraft:andesite":34,"minecraft:leather":3,"minecraft:fern":2,"minecraft:birch_planks":5,"ancient_elements:raw_lead":12,"minecraft:flint":1,"minecraft:oak_log":1,"minecraft:chainmail_chestplate":1,"minecraft:cobblestone_stairs":8,"minecraft:lapis_lazuli":28,"minecraft:dirt":1050,"minecraft:cooked_mutton":13,"minecraft:bone":2,"minecraft:stonecutter":2,"minecraft:wheat_seeds":19,"minecraft:cooked_chicken":2,"regions_unexplored:larch_shrub":2,"minecraft:rabbit":1,"regions_unexplored:orange_maple_leaf_pile":2,"regions_unexplored:larch_stairs":12,"minecraft:scaffolding":22,"minecraft:cooked_porkchop":6,"minecraft:pig_spawn_egg":1,"minecraft:stone_brick_slab":16,"minecraft:gravel":17,"minecraft:sand":192,"minecraft:white_bed":2,"minecraft:spider_eye":1,"cataclysm:stone_tiles":24,"minecraft:diamond":1,"minecraft:chainmail_leggings":1,"minecraft:granite":147,"minecraft:grass":2,"regions_unexplored:maple_log":35,"minecraft:oak_leaves":90,"minecraft:coal":235},"minecraft:crafted":{"ancient_elements:lead_hammer":1,"minecraft:oak_planks":4,"minecraft:stone_shovel":11,"minecraft:cooked_chicken":5,"regions_unexplored:maple_planks":72,"minecraft:furnace":11,"regions_unexplored:larch_planks":880,"minecraft:stone":590,"minecraft:cooked_mutton":1,"minecraft:glass_pane":64,"minecraft:glass":192,"minecraft:stone_brick_slab":2,"regions_unexplored:larch_door":9,"minecraft:ladder":57,"minecraft:stone_pickaxe":2,"minecraft:chest":10,"vanillaplustools:stone_shovel":1,"ancient_elements:tin_pickaxe":1,"regions_unexplored:larch_stairs":20,"minecraft:wheat":216,"minecraft:cooked_beef":5,"regions_unexplored:larch_boat":1,"minecraft:cooked_porkchop":14,"minecraft:crafting_table":14,"minecraft:wooden_pickaxe":1,"minecraft:cooked_salmon":3,"minecraft:bucket":1,"minecraft:campfire":3,"minecraft:stone_axe":4,"ancient_elements:tin_ingot":10,"minecraft:bread":72,"minecraft:air":0,"minecraft:charcoal":1,"minecraft:shield":1,"ancient_elements:lead_ingot":8,"cataclysm:stone_tile_stairs":1,"minecraft:stick":204,"minecraft:iron_ingot":9,"minecraft:stone_sword":1,"minecraft:stonecutter":1,"minecraft:white_bed":3,"ancient_elements:stone_hammer":3,"regions_unexplored:larch_slab":12,"minecraft:torch":100,"minecraft:shears":1},"minecraft:used":{"regions_unexplored:silt_dirt":9,"minecraft:moss_carpet":1,"minecraft:stone_sword":95,"minecraft:stone_shovel":188,"minecraft:ladder":58,"minecraft:chest":10,"minecraft:shield":16,"minecraft:stone":7,"customnpcs:npcwand":1,"minecraft:cooked_salmon":3,"minecraft:cooked_chicken":2,"minecraft:torch":85,"minecraft:dirt":1016,"cataclysm:stone_tiles":458,"minecraft:golden_shovel":32,"minecraft:granite":2,"minecraft:fern":2,"ancient_elements:stone_hammer":375,"minecraft:glass":65,"minecraft:stone_brick_slab":102,"regions_unexplored:larch_planks":712,"minecraft:scaffolding":18,"minecraft:furnace":10,"minecraft:cooked_beef":11,"minecraft:cooked_mutton":14,"minecraft:water_bucket":64,"minecraft:cobblestone_stairs":116,"minecraft:stone_pickaxe":260,"regions_unexplored:peat_dirt":2,"minecraft:wooden_pickaxe":10,"regions_unexplored:larch_boat":1,"minecraft:stonecutter":3,"minecraft:oak_leaves":45,"ancient_elements:lead_hammer":40,"minecraft:crafting_table":18,"vanillaplustools:stone_shovel":131,"minecraft:white_bed":5,"minecraft:campfire":3,"regions_unexplored:larch_slab":12,"minecraft:shears":109,"cataclysm:stone_tile_stairs":9,"regions_unexplored:orange_maple_leaf_pile":2,"minecraft:bread":31,"regions_unexplored:larch_stairs":31,"minecraft:map":1,"regions_unexplored:larch_log":107,"minecraft:golden_helmet":1,"minecraft:stone_axe":498,"regions_unexplored:larch_door":3,"minecraft:cobblestone":63,"minecraft:cooked_porkchop":8,"minecraft:andesite":1,"minecraft:glass_pane":62,"minecraft:cooked_rabbit":1,"minecraft:bucket":64,"ancient_elements:tin_pickaxe":50,"regions_unexplored:maple_log":7}},"DataVersion":3465}