{"stats":{"minecraft:dropped":{"minecraft:bread":14,"minecraft:wheat_seeds":5,"regions_unexplored:larch_planks":10,"ancient_elements:stone_hammer":1,"regions_unexplored:white_trillium":3,"mca:needle_and_thread":1,"gravestone:obituary":5,"minecraft:string":2},"minecraft:picked_up":{"minecraft:coarse_dirt":73,"minecraft:crafting_table":1,"minecraft:wheat":1,"minecraft:cooked_beef":6,"regions_unexplored:larch_planks":10,"minecraft:andesite":31,"regions_unexplored:silt_dirt":24,"regions_unexplored:white_trillium":3,"minecraft:cooked_rabbit":1,"ancient_elements:raw_lead":12,"minecraft:flint":1,"minecraft:oak_log":1,"gravestone:obituary":2,"minecraft:moss_carpet":1,"minecraft:cobblestone_stairs":8,"minecraft:dirt":931,"cannibal:bone_mask":1,"minecraft:string":4,"minecraft:raw_copper":20,"minecraft:bone":2,"minecraft:cooked_mutton":11,"ancient_elements:stone_hammer":1,"minecraft:wheat_seeds":16,"regions_unexplored:larch_log":22,"minecraft:rabbit":1,"regions_unexplored:orange_maple_leaf_pile":2,"minecraft:scaffolding":4,"minecraft:stick":15,"minecraft:raw_iron":8,"minecraft:cooked_porkchop":4,"minecraft:oak_fence":2,"minecraft:torch":3,"minecraft:gravel":15,"ancient_elements:raw_tin":10,"minecraft:diorite":10,"minecraft:spider_eye":1,"minecraft:arrow":1,"minecraft:rotten_flesh":8,"minecraft:hay_block":13,"minecraft:granite":49,"regions_unexplored:maple_log":34,"minecraft:mutton":10,"minecraft:coal":171,"minecraft:white_wool":7,"minecraft:rail":2,"minecraft:cobblestone":1730},"minecraft:broken":{"minecraft:stone_pickaxe":1,"vanillaplustools:stone_shovel":1,"ancient_elements:stone_hammer":1},"minecraft:mined":{"minecraft:scaffolding":4,"ancient_elements:lead_ore":5,"regions_unexplored:maple_log":34,"minecraft:cobblestone_stairs":8,"minecraft:oak_fence":2,"minecraft:crafting_table":1,"minecraft:torch":2,"gravestone:gravestone":3,"minecraft:granite":16,"minecraft:grass_block":192,"regions_unexplored:silt_dirt":17,"regions_unexplored:maple_leaves":1,"minecraft:hay_block":13,"minecraft:coarse_dirt":73,"minecraft:iron_ore":8,"minecraft:andesite":1,"ancient_elements:tin_ore":10,"minecraft:grass":7,"minecraft:oak_log":1,"minecraft:coal_ore":34,"minecraft:rail":2,"minecraft:gravel":16,"minecraft:dirt":749,"regions_unexplored:medium_grass":3,"regions_unexplored:orange_maple_leaf_pile":1,"regions_unexplored:larch_log":23,"minecraft:stone":281,"regions_unexplored:silt_grass_block":7},"minecraft:crafted":{"minecraft:oak_planks":4,"minecraft:stone_shovel":9,"minecraft:crafting_table":5,"regions_unexplored:maple_planks":68,"minecraft:wooden_pickaxe":1,"minecraft:furnace":3,"regions_unexplored:larch_planks":88,"minecraft:stone":3,"minecraft:campfire":3,"minecraft:stone_axe":1,"minecraft:bread":39,"minecraft:air":0,"minecraft:charcoal":1,"minecraft:shield":1,"minecraft:stick":48,"minecraft:iron_ingot":8,"minecraft:stone_pickaxe":2,"minecraft:chest":6,"minecraft:stone_sword":1,"minecraft:stonecutter":1,"minecraft:white_bed":2,"vanillaplustools:stone_shovel":1,"ancient_elements:stone_hammer":2,"minecraft:torch":60,"minecraft:wheat":117},"minecraft:used":{"regions_unexplored:silt_dirt":9,"minecraft:cooked_mutton":10,"minecraft:stone_sword":64,"minecraft:cobblestone_stairs":116,"minecraft:stone_pickaxe":136,"minecraft:shield":15,"minecraft:chest":6,"minecraft:wooden_pickaxe":10,"minecraft:stonecutter":1,"minecraft:torch":32,"minecraft:dirt":464,"minecraft:crafting_table":5,"vanillaplustools:stone_shovel":131,"minecraft:white_bed":2,"minecraft:campfire":3,"minecraft:golden_shovel":19,"regions_unexplored:orange_maple_leaf_pile":2,"ancient_elements:stone_hammer":219,"minecraft:bread":15,"minecraft:map":1,"minecraft:stone_axe":58,"minecraft:cobblestone":55,"minecraft:furnace":3,"minecraft:cooked_porkchop":2,"minecraft:cooked_rabbit":1,"minecraft:cooked_beef":5,"regions_unexplored:maple_log":7},"minecraft:custom":{"minecraft:interact_with_furnace":20,"spartanshields:shield_bash_hits":1,"minecraft:mob_kills":15,"minecraft:interact_with_crafting_table":38,"minecraft:interact_with_campfire":11,"minecraft:interact_with_stonecutter":1,"minecraft:leave_game":3,"minecraft:time_since_death":61701,"minecraft:sleep_in_bed":6,"minecraft:climb_one_cm":538,"minecraft:time_since_rest":30262,"minecraft:sprint_one_cm":329888,"minecraft:damage_taken":2295,"minecraft:walk_one_cm":384210,"minecraft:damage_blocked_by_shield":540,"minecraft:drop":25,"minecraft:damage_dealt":2119,"minecraft:swim_one_cm":16685,"minecraft:fly_one_cm":565356,"minecraft:open_chest":39,"minecraft:crouch_one_cm":53203,"minecraft:play_time":175563,"minecraft:deaths":3,"minecraft:sneak_time":13087,"minecraft:walk_under_water_one_cm":5985,"minecraft:jump":1958,"minecraft:walk_on_water_one_cm":3480,"minecraft:total_world_time":175563,"minecraft:fall_one_cm":47408},"minecraft:killed_by":{"minecraft:skeleton":1,"minecraft:zombie":2},"minecraft:killed":{"minecraft:cave_spider":1,"minecraft:rabbit":1,"minecraft:spider":1,"minecraft:skeleton":1,"minecraft:sheep":7,"minecraft:zombie":4}},"DataVersion":3465}