{"stats":{"minecraft:custom":{"minecraft:mob_kills":22,"minecraft:interact_with_crafting_table":75,"minecraft:interact_with_campfire":17,"minecraft:leave_game":9,"minecraft:time_since_death":118850,"minecraft:climb_one_cm":1892,"minecraft:sprint_one_cm":662285,"minecraft:walk_one_cm":861419,"minecraft:damage_blocked_by_shield":570,"minecraft:drop":27,"minecraft:play_time":317151,"minecraft:deaths":4,"minecraft:sneak_time":35787,"minecraft:walk_under_water_one_cm":14356,"minecraft:jump":3214,"minecraft:walk_on_water_one_cm":15223,"minecraft:total_world_time":317151,"minecraft:interact_with_furnace":94,"spartanshields:shield_bash_hits":1,"minecraft:interact_with_stonecutter":21,"minecraft:sleep_in_bed":14,"minecraft:time_since_rest":10278,"minecraft:damage_taken":3238,"minecraft:damage_dealt":3102,"minecraft:swim_one_cm":23982,"minecraft:fly_one_cm":792300,"minecraft:open_chest":78,"minecraft:crouch_one_cm":141811,"minecraft:fall_one_cm":84590},"minecraft:killed_by":{"minecraft:player":1,"minecraft:skeleton":1,"minecraft:zombie":2},"minecraft:killed":{"minecraft:cave_spider":1,"minecraft:spider":2,"minecraft:skeleton":1,"minecraft:chicken":2,"minecraft:pig":2,"minecraft:rabbit":1,"minecraft:sheep":8,"minecraft:zombie":5},"minecraft:broken":{"minecraft:golden_shovel":1,"ancient_elements:stone_hammer":2,"minecraft:stone_pickaxe":1,"minecraft:stone_axe":3,"vanillaplustools:stone_shovel":1},"minecraft:mined":{"minecraft:white_bed":2,"ancient_elements:lead_ore":5,"regions_unexplored:maple_log":34,"minecraft:cobblestone_stairs":8,"cataclysm:stone_tiles":15,"regions_unexplored:larch_planks":63,"gravestone:gravestone":4,"minecraft:granite":16,"minecraft:grass_block":192,"cataclysm:stone_tile_stairs":1,"regions_unexplored:larch_stairs":12,"regions_unexplored:maple_leaves":1,"minecraft:large_fern":1,"minecraft:hay_block":13,"minecraft:furnace":1,"minecraft:iron_ore":8,"minecraft:andesite":1,"ancient_elements:tin_ore":13,"regions_unexplored:larch_leaves":25,"minecraft:rail":2,"regions_unexplored:medium_grass":5,"regions_unexplored:orange_maple_leaf_pile":1,"regions_unexplored:larch_log":314,"minecraft:stone":377,"regions_unexplored:silt_grass_block":7,"minecraft:scaffolding":6,"minecraft:stone_brick_slab":10,"minecraft:oak_fence":2,"minecraft:crafting_table":5,"minecraft:torch":2,"regions_unexplored:peat_grass_block":2,"regions_unexplored:silt_dirt":17,"minecraft:wall_torch":2,"minecraft:coarse_dirt":73,"minecraft:grass":11,"minecraft:oak_log":1,"minecraft:coal_ore":34,"regions_unexplored:peat_dirt":1,"minecraft:gravel":16,"minecraft:sand":67,"minecraft:dirt":890,"minecraft:stonecutter":1,"minecraft:oak_leaves":100,"minecraft:fern":1,"regions_unexplored:larch_shrub":2},"minecraft:dropped":{"minecraft:bread":14,"minecraft:wheat_seeds":6,"regions_unexplored:larch_planks":10,"minecraft:granite":1,"ancient_elements:stone_hammer":1,"gravestone:obituary":5,"minecraft:string":2,"regions_unexplored:white_trillium":3,"mca:needle_and_thread":1},"minecraft:picked_up":{"minecraft:crafting_table":5,"minecraft:coarse_dirt":73,"minecraft:wheat":1,"minecraft:chicken":2,"minecraft:ladder":1,"regions_unexplored:larch_planks":73,"cataclysm:stone_tile_stairs":1,"regions_unexplored:silt_dirt":24,"minecraft:cooked_rabbit":1,"regions_unexplored:white_trillium":3,"gravestone:obituary":2,"minecraft:raw_copper":28,"minecraft:string":5,"cannibal:bone_mask":1,"minecraft:moss_carpet":4,"regions_unexplored:medium_grass":1,"ancient_elements:stone_hammer":1,"regions_unexplored:larch_log":312,"minecraft:furnace":1,"minecraft:stick":17,"minecraft:raw_iron":8,"minecraft:oak_fence":2,"minecraft:torch":5,"minecraft:porkchop":2,"ancient_elements:raw_tin":20,"minecraft:diorite":10,"minecraft:arrow":1,"minecraft:rotten_flesh":8,"minecraft:hay_block":13,"regions_unexplored:larch_leaves":13,"minecraft:mutton":13,"minecraft:cobblestone":2491,"minecraft:rail":2,"minecraft:white_wool":9,"regions_unexplored:peat_dirt":3,"minecraft:cooked_beef":6,"minecraft:andesite":31,"minecraft:fern":2,"ancient_elements:raw_lead":12,"minecraft:flint":1,"minecraft:oak_log":1,"minecraft:chainmail_chestplate":1,"minecraft:cobblestone_stairs":8,"minecraft:dirt":1038,"minecraft:cooked_mutton":13,"minecraft:bone":2,"minecraft:stonecutter":1,"minecraft:wheat_seeds":18,"minecraft:cooked_chicken":2,"regions_unexplored:larch_shrub":2,"minecraft:rabbit":1,"regions_unexplored:orange_maple_leaf_pile":2,"regions_unexplored:larch_stairs":12,"minecraft:scaffolding":6,"minecraft:cooked_porkchop":6,"minecraft:stone_brick_slab":16,"minecraft:gravel":15,"minecraft:sand":67,"minecraft:white_bed":2,"minecraft:spider_eye":1,"cataclysm:stone_tiles":15,"minecraft:chainmail_leggings":1,"minecraft:granite":50,"minecraft:grass":2,"regions_unexplored:maple_log":34,"minecraft:oak_leaves":90,"minecraft:coal":171},"minecraft:crafted":{"minecraft:oak_planks":4,"minecraft:stone_shovel":10,"regions_unexplored:maple_planks":68,"minecraft:furnace":11,"regions_unexplored:larch_planks":740,"minecraft:stone":590,"minecraft:glass_pane":64,"minecraft:glass":67,"minecraft:stone_brick_slab":2,"regions_unexplored:larch_door":9,"minecraft:ladder":6,"minecraft:stone_pickaxe":2,"minecraft:chest":10,"vanillaplustools:stone_shovel":1,"regions_unexplored:larch_stairs":20,"minecraft:wheat":117,"minecraft:crafting_table":10,"minecraft:wooden_pickaxe":1,"minecraft:bucket":1,"minecraft:campfire":3,"minecraft:stone_axe":4,"minecraft:bread":39,"minecraft:air":0,"minecraft:charcoal":1,"minecraft:shield":1,"cataclysm:stone_tile_stairs":1,"minecraft:stick":64,"minecraft:iron_ingot":8,"minecraft:stone_sword":1,"minecraft:stonecutter":1,"minecraft:white_bed":2,"ancient_elements:stone_hammer":3,"regions_unexplored:larch_slab":12,"minecraft:torch":60,"minecraft:shears":1},"minecraft:used":{"regions_unexplored:silt_dirt":9,"minecraft:moss_carpet":1,"minecraft:stone_sword":79,"minecraft:stone_shovel":54,"minecraft:ladder":7,"minecraft:chest":10,"minecraft:shield":16,"minecraft:stone":4,"minecraft:torch":49,"minecraft:dirt":1015,"cataclysm:stone_tiles":383,"minecraft:golden_shovel":32,"minecraft:fern":2,"ancient_elements:stone_hammer":314,"minecraft:glass":16,"minecraft:stone_brick_slab":95,"regions_unexplored:larch_planks":589,"minecraft:scaffolding":2,"minecraft:furnace":10,"minecraft:cooked_beef":6,"minecraft:cooked_mutton":11,"minecraft:water_bucket":16,"minecraft:cobblestone_stairs":116,"minecraft:stone_pickaxe":180,"minecraft:wooden_pickaxe":10,"minecraft:stonecutter":2,"minecraft:oak_leaves":45,"minecraft:crafting_table":13,"vanillaplustools:stone_shovel":131,"minecraft:white_bed":4,"minecraft:campfire":3,"regions_unexplored:larch_slab":12,"minecraft:shears":109,"cataclysm:stone_tile_stairs":9,"regions_unexplored:orange_maple_leaf_pile":2,"minecraft:bread":27,"regions_unexplored:larch_stairs":31,"minecraft:map":1,"regions_unexplored:larch_log":107,"minecraft:stone_axe":438,"regions_unexplored:larch_door":3,"minecraft:cobblestone":55,"minecraft:cooked_porkchop":6,"minecraft:glass_pane":62,"minecraft:cooked_rabbit":1,"minecraft:bucket":16,"regions_unexplored:maple_log":7}},"DataVersion":3465}