{"stats":{"minecraft:picked_up":{"minecraft:crafting_table":1,"minecraft:wheat":1,"minecraft:rotten_flesh":1,"minecraft:wheat_seeds":1,"minecraft:hay_block":13,"minecraft:oak_log":1},"minecraft:mined":{"minecraft:hay_block":13,"minecraft:grass":1,"minecraft:oak_log":1,"minecraft:crafting_table":1},"minecraft:used":{"minecraft:crafting_table":1,"minecraft:bread":3},"minecraft:crafted":{"minecraft:oak_planks":4,"minecraft:crafting_table":1,"minecraft:bread":39,"minecraft:wheat":117},"minecraft:custom":{"minecraft:open_chest":1,"minecraft:time_since_rest":15971,"minecraft:sprint_one_cm":62082,"minecraft:crouch_one_cm":905,"minecraft:interact_with_furnace":1,"minecraft:play_time":40255,"minecraft:damage_taken":10,"minecraft:walk_one_cm":82982,"minecraft:sneak_time":310,"minecraft:jump":230,"minecraft:walk_on_water_one_cm":170,"minecraft:leave_game":1,"minecraft:time_since_death":40255,"minecraft:sleep_in_bed":2,"minecraft:total_world_time":40255,"minecraft:interact_with_crafting_table":1,"minecraft:fall_one_cm":3679,"minecraft:fly_one_cm":224523}},"DataVersion":3465}