{"stats":{"minecraft:killed_by":{"minecraft:ghast":1,"minecraft:zombie":2,"minecraft:player":2,"stalwart_dungeons:giddy_blaze":1,"minecraft:skeleton":1,"cave_dweller:cave_dweller":1},"minecraft:broken":{"minecraft:golden_shovel":2,"ancient_elements:stone_hammer":6,"minecraft:stone_pickaxe":2,"minecraft:stone_axe":4,"ancient_elements:tin_axe":1,"minecraft:stone_shovel":1,"ancient_elements:palladium_hammer":1,"minecraft:stone_hoe":2,"ancient_elements:tin_pickaxe":1,"vanillaplustools:stone_shovel":1,"ancient_elements:lead_hammer":1},"minecraft:custom":{"minecraft:interact_with_crafting_table":217,"minecraft:open_barrel":27,"minecraft:leave_game":23,"minecraft:time_since_death":83002,"minecraft:damage_resisted":34,"minecraft:sprint_one_cm":2640460,"minecraft:damage_blocked_by_shield":1856,"minecraft:drop":158,"minecraft:talked_to_villager":2,"minecraft:play_time":1203348,"minecraft:deaths":11,"minecraft:jump":11122,"minecraft:walk_on_water_one_cm":79155,"minecraft:interact_with_furnace":265,"minecraft:traded_with_villager":34,"minecraft:sleep_in_bed":40,"minecraft:damage_dealt":24919,"minecraft:player_kills":3,"minecraft:crouch_one_cm":322040,"minecraft:interact_with_smoker":1,"minecraft:interact_with_smithing_table":5,"minecraft:mob_kills":173,"minecraft:interact_with_campfire":17,"minecraft:climb_one_cm":104799,"minecraft:walk_one_cm":2913005,"minecraft:sneak_time":81440,"minecraft:walk_under_water_one_cm":81433,"minecraft:boat_one_cm":435473,"minecraft:interact_with_blast_furnace":1,"minecraft:total_world_time":1203348,"spartanshields:shield_bash_hits":1,"minecraft:tune_noteblock":3,"minecraft:interact_with_stonecutter":35,"minecraft:time_since_rest":13759,"minecraft:damage_taken":11372,"minecraft:swim_one_cm":100480,"minecraft:fly_one_cm":2659139,"minecraft:open_chest":587,"minecraft:fall_one_cm":282202},"minecraft:killed":{"minecraft:cave_spider":1,"minecraft:zombified_piglin":16,"graveyard:skeleton_creeper":2,"minecraft:spider":5,"minecraft:skeleton":10,"minecraft:chicken":7,"minecraft:piglin_brute":12,"minecraft:piglin":4,"minecraft:pig":9,"minecraft:salmon":4,"stalwart_dungeons:giddy_blaze":40,"mutantmonsters:mutant_skeleton":1,"minecraft:creeper":1,"minecraft:sheep":13,"minecraft:zombie":22,"minecraft:cow":13,"stalwart_dungeons:nether_wart_cocoon":6,"minecraft:drowned":1,"minecraft:rabbit":1,"minecraft:enderman":1},"minecraft:mined":{"stalwart_dungeons:spore_vaporizer":11,"regions_unexplored:golden_larch_leaves":3,"minecraft:white_bed":4,"regions_unexplored:maple_log":60,"minecraft:cobblestone_stairs":10,"minecraft:red_nether_bricks":3,"minecraft:obsidian":3,"cataclysm:stone_tiles":26,"regions_unexplored:larch_planks":69,"minecraft:granite":91,"minecraft:grass_block":284,"regions_unexplored:larch_stairs":12,"minecraft:coal_block":1,"minecraft:composter":3,"tacz:gun_smith_table":1,"minecraft:nether_wart":10,"minecraft:gilded_blackstone":2,"minecraft:spawner":1,"minecraft:weeping_vines_plant":2,"minecraft:iron_ore":61,"minecraft:cobbled_deepslate":13,"minecraft:fire":1,"minecraft:turtle_egg":2,"regions_unexplored:mossy_stone":1,"minecraft:pumpkin":8,"ancient_elements:tin_ore":14,"minecraft:azure_bluet":2,"minecraft:oak_sign":1,"minecraft:oak_stairs":1,"regions_unexplored:larch_log":420,"regions_unexplored:silt_grass_block":7,"minecraft:spruce_slab":2,"minecraft:deepslate_redstone_ore":2,"minecraft:blackstone":1,"stalwart_dungeons:transient_block_close":3,"ironfurnaces:iron_furnace":1,"minecraft:torch":4,"regions_unexplored:peat_grass_block":18,"minecraft:melon":94,"ancient_elements:deepslate_tin_ore":1,"minecraft:nether_quartz_ore":1,"minecraft:cobblestone":17,"minecraft:sugar_cane":56,"minecraft:iron_door":1,"minecraft:wall_torch":11,"minecraft:nether_wart_block":2,"minecraft:wheat":703,"travelersbackpack:sandstone":3,"minecraft:grass":23,"minecraft:oak_log":1,"regions_unexplored:peat_dirt":1,"minecraft:sand":193,"minecraft:dirt":1647,"minecraft:stonecutter":2,"minecraft:netherrack":266,"minecraft:deepslate":740,"minecraft:oak_leaves":115,"regions_unexplored:mycotoxic_grass":5,"minecraft:nether_gold_ore":6,"minecraft:deepslate_tiles":10,"minecraft:tuff":12,"ancient_elements:lead_ore":5,"minecraft:mossy_cobblestone":1,"minecraft:deepslate_diamond_ore":5,"minecraft:nether_bricks":32,"gravestone:gravestone":11,"minecraft:ladder":2,"cataclysm:stone_tile_stairs":1,"regions_unexplored:maple_leaves":1,"minecraft:kelp":1,"minecraft:cracked_nether_bricks":4,"minecraft:large_fern":2,"minecraft:hay_block":122,"minecraft:furnace":1,"minecraft:andesite":67,"regions_unexplored:larch_leaves":35,"minecraft:gold_block":1,"minecraft:nether_brick_fence":2,"minecraft:bookshelf":14,"minecraft:potatoes":108,"minecraft:deepslate_iron_ore":2,"ancient_elements:palladium_ore":1,"minecraft:rail":2,"regions_unexplored:medium_grass":15,"regions_unexplored:orange_maple_leaf_pile":1,"minecraft:stone":1211,"minecraft:smithing_table":1,"minecraft:scaffolding":21,"minecraft:chiseled_nether_bricks":1,"minecraft:soul_sand":8,"minecraft:lily_of_the_valley":5,"minecraft:stone_brick_slab":10,"travelersbackpack:standard":7,"minecraft:oak_fence":2,"minecraft:crafting_table":11,"regions_unexplored:silt_dirt":17,"minecraft:copper_ore":9,"minecraft:tall_grass":1,"minecraft:dried_kelp_block":1,"minecraft:lapis_ore":5,"minecraft:polished_blackstone_brick_stairs":1,"minecraft:diorite":50,"minecraft:birch_planks":15,"minecraft:coarse_dirt":149,"minecraft:ice":2,"minecraft:coal_ore":93,"regions_unexplored:mycotoxic_mushrooms":2,"minecraft:gravel":42,"minecraft:gold_ore":2,"minecraft:fern":1,"regions_unexplored:larch_shrub":2},"minecraft:dropped":{"minecraft:iron_sword":1,"minecraft:cooked_beef":3,"regions_unexplored:larch_planks":18,"ancient_elements:stone_hammer":1,"minecraft:polished_blackstone_brick_wall":4,"minecraft:cracked_polished_blackstone_bricks":3,"minecraft:polished_blackstone_brick_stairs":1,"minecraft:seagrass":2,"minecraft:cooked_cod":19,"ancient_elements:palladium_sword":1,"gravestone:obituary":9,"minecraft:gilded_blackstone":3,"minecraft:sand":2,"ancient_elements:tin_pickaxe":1,"minecraft:gold_ingot":3,"minecraft:gravel":27,"minecraft:cobbled_deepslate":28,"minecraft:nether_brick":84,"minecraft:rotten_flesh":4,"minecraft:nether_brick_fence":6,"regions_unexplored:mycotoxic_grass":1,"regions_unexplored:white_trillium":3,"stalwart_dungeons:transient_block_close":2,"minecraft:red_nether_bricks":3,"minecraft:cracked_nether_bricks":6,"minecraft:netherrack":2306,"minecraft:golden_boots":1,"minecraft:bread":58,"minecraft:chiseled_nether_bricks":1,"minecraft:wheat_seeds":6,"minecraft:poisonous_potato":1,"minecraft:cobblestone":833,"minecraft:granite":15,"minecraft:stick":3,"tacz:ammo_box":1,"useless_sword:valhalla_sword":1,"tacz:modern_kinetic_gun":1,"minecraft:polished_blackstone_brick_slab":2,"minecraft:paper":12,"minecraft:string":2,"minecraft:coarse_dirt":10,"minecraft:nether_bricks":54,"minecraft:golden_sword":4,"mca:needle_and_thread":1},"minecraft:crafted":{"ancient_elements:lead_hammer":1,"minecraft:oak_planks":4,"regions_unexplored:maple_planks":176,"ancient_elements:tin_axe":1,"minecraft:cooked_chicken":5,"regions_unexplored:larch_planks":1088,"minecraft:stone":590,"securitycraft:keypad_item":1,"minecraft:heavy_weighted_pressure_plate":1,"minecraft:cooked_mutton":9,"regions_unexplored:larch_sapling":4,"securitycraft:laser_block":1,"minecraft:glass":192,"minecraft:stone_brick_slab":2,"minecraft:bow":1,"regions_unexplored:larch_door":9,"ancient_elements:palladium_hammer":2,"minecraft:chest":29,"minecraft:iron_door":3,"vanillaplustools:stone_shovel":2,"ancient_elements:tin_pickaxe":1,"minecraft:stone_hoe":3,"minecraft:stone_bricks":1,"regions_unexplored:larch_stairs":20,"minecraft:golden_boots":2,"regions_unexplored:larch_boat":1,"minecraft:emerald":34,"minecraft:cooked_porkchop":14,"minecraft:crafting_table":24,"travelersbackpack:standard":2,"minecraft:baked_potato":17,"minecraft:wooden_pickaxe":1,"minecraft:iron_helmet":1,"minecraft:copper_ingot":50,"minecraft:gold_block":1,"ancient_elements:steel_chestplate":1,"minecraft:campfire":3,"ancient_elements:tin_ingot":10,"minecraft:dispenser":1,"minecraft:book":1,"minecraft:paper":27,"minecraft:charcoal":1,"minecraft:shield":1,"regions_unexplored:maple_button":2,"cataclysm:stone_tile_stairs":1,"minecraft:stick":408,"minecraft:iron_ingot":176,"minecraft:iron_block":4,"minecraft:stone_sword":1,"minecraft:gold_ingot":43,"minecraft:light_gray_dye":2,"minecraft:redstone_torch":13,"ancient_elements:stone_hammer":7,"minecraft:composter":2,"regions_unexplored:maple_slab":18,"minecraft:shears":1,"securitycraft:universal_block_reinforcer_lvl1":1,"minecraft:stone_shovel":20,"minecraft:redstone":17,"minecraft:coal":47,"securitycraft:sentry":1,"ironfurnaces:gold_furnace":1,"ancient_elements:steel_ingot":13,"minecraft:furnace":12,"minecraft:stone_button":58,"minecraft:light_gray_wool":2,"mca:bouquet":1,"minecraft:bone_meal":48,"minecraft:glass_pane":80,"ancient_elements:steel_boots":1,"ancient_elements:steel_leggings":1,"minecraft:iron_axe":1,"minecraft:ladder":114,"travelersbackpack:light_gray_sleeping_bag":1,"minecraft:stone_pickaxe":3,"minecraft:redstone_block":12,"minecraft:wheat":216,"minecraft:cooked_beef":21,"securitycraft:portable_radar":6,"minecraft:sugar":119,"mca:engagement_ring":1,"minecraft:enchanting_table":1,"travelersbackpack:backpack_tank":2,"minecraft:iron_sword":2,"minecraft:cooked_salmon":3,"tacz:gun_smith_table":1,"ironfurnaces:upgrade_iron":1,"minecraft:bucket":1,"regions_unexplored:maple_boat":2,"minecraft:stone_axe":4,"minecraft:air":0,"minecraft:bread":136,"ancient_elements:lead_ingot":8,"minecraft:gunpowder":9,"ancient_elements:palladium_ingot":6,"minecraft:stonecutter":1,"minecraft:white_bed":3,"regions_unexplored:larch_slab":12,"minecraft:torch":244},"minecraft:picked_up":{"regions_unexplored:pointed_redstone":7,"minecraft:seagrass":2,"minecraft:wheat":705,"minecraft:nether_brick_fence":6,"regions_unexplored:larch_planks":87,"minecraft:smithing_table":1,"regions_unexplored:silt_dirt":24,"minecraft:oak_stairs":1,"minecraft:golden_shovel":1,"minecraft:gilded_blackstone":3,"minecraft:nether_brick":89,"minecraft:golden_sword":4,"ancient_elements:raw_palladium":11,"minecraft:polished_blackstone_brick_stairs":1,"minecraft:string":9,"cannibal:bone_mask":1,"minecraft:raw_copper":245,"minecraft:red_nether_bricks":3,"stalwart_dungeons:giddy_blaze_spawn_egg":2,"minecraft:oak_sign":1,"ancient_elements:stone_hammer":1,"minecraft:deepslate_tiles":9,"minecraft:cobbled_deepslate":6333,"minecraft:gold_nugget":97,"regions_unexplored:maple_shrub":2,"regions_unexplored:larch_log":415,"minecraft:melon_slice":473,"minecraft:coal_block":1,"minecraft:furnace":1,"minecraft:polished_blackstone_brick_slab":2,"minecraft:stick":39,"minecraft:composter":3,"minecraft:oak_fence":2,"minecraft:torch":34,"minecraft:porkchop":16,"minecraft:diorite":363,"ancient_elements:frost_shard":6,"mutantmonsters:mutant_skeleton_pelvis":1,"minecraft:chiseled_nether_bricks":1,"minecraft:rotten_flesh":34,"minecraft:cow_spawn_egg":1,"minecraft:bookshelf":14,"mutantmonsters:mutant_skeleton_shoulder_pad":2,"minecraft:blaze_rod":38,"minecraft:obsidian":12,"minecraft:cobblestone":9137,"useless_sword:valhalla_sword":2,"minecraft:feather":2,"minecraft:cooked_beef":6,"minecraft:iron_door":1,"minecraft:andesite":629,"minecraft:potato":385,"ancient_elements:raw_lead":24,"minecraft:flint":5,"minecraft:tuff":56,"regions_unexplored:peat_grass_block":10,"minecraft:lapis_lazuli":215,"minecraft:dirt":1866,"tacz:ammo_box":2,"securitycraft:reinforced_stone_button":8,"minecraft:bone":10,"minecraft:stonecutter":2,"minecraft:wheat_seeds":1943,"minecraft:raw_gold":23,"regions_unexplored:larch_shrub":2,"minecraft:rabbit":1,"tacz:gun_smith_table":1,"ironfurnaces:iron_furnace":1,"regions_unexplored:larch_stairs":12,"minecraft:ghast_tear":1,"regions_unexplored:mycotoxic_mushrooms":4,"minecraft:cooked_porkchop":6,"minecraft:pig_spawn_egg":1,"minecraft:poisonous_potato":1,"minecraft:sand":195,"minecraft:grass_block":6,"minecraft:lily_of_the_valley":5,"securitycraft:reinforced_dispenser":1,"minecraft:mossy_cobblestone":5,"cataclysm:stone_tiles":26,"stalwart_dungeons:spore_vaporizer":11,"minecraft:diamond":18,"minecraft:cracked_polished_blackstone_bricks":3,"minecraft:granite":584,"minecraft:grass":2,"minecraft:oak_sapling":1,"minecraft:netherrack":2552,"graveyard:skeleton_creeper_spawn_egg":1,"minecraft:oak_leaves":90,"minecraft:coarse_dirt":151,"minecraft:crafting_table":11,"regions_unexplored:mycotoxic_grass":1,"minecraft:azure_bluet":2,"minecraft:chicken":7,"minecraft:ladder":2,"minecraft:nether_wart":33,"cataclysm:stone_tile_stairs":1,"minecraft:cooked_rabbit":1,"regions_unexplored:white_trillium":3,"minecraft:gold_block":1,"travelersbackpack:sandstone":4,"gravestone:obituary":4,"minecraft:moss_carpet":4,"tacz:ammo":480,"minecraft:blackstone":5,"regions_unexplored:medium_grass":1,"minecraft:beef":21,"minecraft:spruce_slab":2,"minecraft:sugar_cane":82,"minecraft:raw_iron":320,"useless_sword:turtle_sword":1,"ancient_elements:raw_steel":22,"minecraft:copper_ingot":1,"minecraft:polished_blackstone_bricks":5,"ancient_elements:raw_tin":57,"minecraft:redstone":133,"minecraft:arrow":9,"regions_unexplored:maple_sapling":1,"ancient_elements:palladium_sword":1,"minecraft:nether_bricks":55,"minecraft:hay_block":122,"mutantmonsters:mutant_skeleton_rib":4,"regions_unexplored:larch_leaves":13,"minecraft:mutton":21,"minecraft:rail":2,"minecraft:white_wool":13,"regions_unexplored:peat_dirt":33,"regions_unexplored:glistering_fern":1,"minecraft:salmon":3,"minecraft:fern":2,"minecraft:leather":6,"minecraft:birch_planks":14,"minecraft:oak_log":1,"minecraft:chainmail_chestplate":1,"minecraft:nether_wart_block":2,"minecraft:gunpowder":4,"minecraft:cobblestone_stairs":12,"mowziesmobs:wrought_axe":1,"mutantmonsters:mutant_skeleton_limb":7,"minecraft:cooked_mutton":13,"minecraft:kelp":1,"minecraft:cooked_chicken":2,"regions_unexplored:larch_sapling":1,"minecraft:iron_sword":1,"minecraft:soul_sand":8,"regions_unexplored:orange_maple_leaf_pile":2,"stalwart_dungeons:transient_block_close":3,"minecraft:scaffolding":22,"minecraft:pumpkin":8,"minecraft:stone_brick_slab":16,"minecraft:quartz":13,"minecraft:cracked_nether_bricks":6,"minecraft:gravel":64,"minecraft:white_bed":4,"securitycraft:reinforced_iron_block":3,"minecraft:spider_eye":2,"ancient_elements:tin_pickaxe":1,"travelersbackpack:standard":7,"minecraft:dried_kelp_block":1,"tacz:modern_kinetic_gun":2,"minecraft:chainmail_leggings":1,"regions_unexplored:maple_log":61,"minecraft:polished_blackstone_brick_wall":4,"minecraft:black_wool":1,"minecraft:coal":501},"minecraft:used":{"minecraft:moss_carpet":1,"minecraft:ladder":98,"minecraft:shield":53,"minecraft:chest":28,"minecraft:iron_sword":32,"regions_unexplored:peat_grass_block":10,"minecraft:stone":7,"minecraft:nether_wart":8,"customnpcs:npcwand":1,"minecraft:soul_sand":8,"securitycraft:keypad_item":1,"minecraft:nether_bricks":1,"cataclysm:stone_tiles":461,"minecraft:glass":65,"minecraft:grass_block":6,"minecraft:iron_helmet":1,"stalwart_dungeons:spore_vaporizer":2,"minecraft:stone_bricks":1,"minecraft:scaffolding":18,"minecraft:furnace":11,"minecraft:cooked_cod":60,"minecraft:skeleton_skull":1,"minecraft:potato":196,"regions_unexplored:maple_button":2,"minecraft:diorite":4,"minecraft:stone_pickaxe":338,"minecraft:blackstone":5,"minecraft:wooden_pickaxe":10,"minecraft:composter":5,"minecraft:sugar_cane":22,"minecraft:oak_leaves":89,"useless_sword:valhalla_sword":247,"regions_unexplored:larch_slab":12,"minecraft:shears":109,"minecraft:deepslate_tiles":72,"minecraft:melon_slice":21,"minecraft:bread":53,"regions_unexplored:larch_stairs":31,"minecraft:iron_door":3,"minecraft:gravel":7,"minecraft:golden_helmet":1,"regions_unexplored:larch_door":3,"minecraft:nether_wart_block":2,"minecraft:smithing_table":1,"minecraft:cooked_rabbit":1,"minecraft:andesite":66,"regions_unexplored:maple_boat":2,"travelersbackpack:sandstone":69,"regions_unexplored:larch_sapling":4,"minecraft:bone_meal":1,"regions_unexplored:mycotoxic_mushrooms":4,"ironfurnaces:gold_furnace":1,"minecraft:stone_sword":98,"minecraft:enchanting_table":1,"ancient_elements:palladium_hammer":1302,"minecraft:stone_shovel":200,"tacz:gun_smith_table":2,"minecraft:cooked_salmon":3,"minecraft:stone_hoe":320,"minecraft:cooked_chicken":7,"minecraft:netherrack":60,"regions_unexplored:maple_planks":4,"minecraft:torch":234,"minecraft:dirt":1805,"ancient_elements:tin_axe":204,"minecraft:cobblestone_wall":134,"minecraft:golden_shovel":64,"minecraft:granite":70,"minecraft:fern":2,"ancient_elements:stone_hammer":811,"minecraft:stone_brick_slab":102,"minecraft:bookshelf":14,"minecraft:iron_axe":29,"securitycraft:sentry":1,"regions_unexplored:larch_planks":712,"minecraft:cooked_beef":24,"minecraft:cobbled_deepslate":91,"minecraft:cooked_mutton":22,"minecraft:wheat_seeds":797,"minecraft:water_bucket":93,"minecraft:cobblestone_stairs":126,"ancient_elements:palladium_sword":2,"minecraft:baked_potato":13,"regions_unexplored:peat_dirt":2,"regions_unexplored:larch_boat":1,"minecraft:stonecutter":3,"minecraft:polished_blackstone_bricks":5,"ancient_elements:lead_hammer":232,"minecraft:crafting_table":33,"minecraft:white_bed":7,"minecraft:campfire":3,"vanillaplustools:stone_shovel":238,"cataclysm:stone_tile_stairs":9,"regions_unexplored:orange_maple_leaf_pile":2,"mowziesmobs:wrought_axe":4,"minecraft:map":1,"regions_unexplored:larch_log":107,"minecraft:stone_axe":502,"minecraft:cobblestone":500,"minecraft:potion":1,"travelersbackpack:standard":104,"minecraft:cooked_porkchop":20,"minecraft:bucket":94,"minecraft:glass_pane":62,"ancient_elements:tin_pickaxe":204,"regions_unexplored:maple_log":7,"regions_unexplored:silt_dirt":9}},"DataVersion":3465}