{"stats":{"minecraft:dropped":{"minecraft:bread":14,"minecraft:wheat_seeds":5,"regions_unexplored:larch_planks":10,"ancient_elements:stone_hammer":1,"gravestone:obituary":5,"minecraft:string":2,"regions_unexplored:white_trillium":3,"mca:needle_and_thread":1},"minecraft:picked_up":{"minecraft:crafting_table":4,"minecraft:coarse_dirt":73,"minecraft:wheat":1,"cataclysm:stone_tile_stairs":1,"minecraft:ladder":1,"regions_unexplored:larch_planks":35,"regions_unexplored:silt_dirt":24,"minecraft:cooked_rabbit":1,"regions_unexplored:white_trillium":3,"gravestone:obituary":2,"minecraft:raw_copper":20,"minecraft:string":5,"cannibal:bone_mask":1,"minecraft:moss_carpet":1,"regions_unexplored:medium_grass":1,"ancient_elements:stone_hammer":1,"regions_unexplored:larch_log":214,"minecraft:furnace":1,"minecraft:raw_iron":8,"minecraft:stick":16,"minecraft:oak_fence":2,"minecraft:torch":3,"ancient_elements:raw_tin":10,"minecraft:diorite":10,"minecraft:arrow":1,"minecraft:rotten_flesh":8,"minecraft:hay_block":13,"regions_unexplored:larch_leaves":13,"minecraft:mutton":10,"minecraft:cobblestone":1734,"minecraft:white_wool":7,"minecraft:rail":2,"regions_unexplored:peat_dirt":3,"minecraft:cooked_beef":6,"minecraft:andesite":31,"minecraft:fern":2,"ancient_elements:raw_lead":12,"minecraft:flint":1,"minecraft:oak_log":1,"minecraft:chainmail_chestplate":1,"minecraft:cobblestone_stairs":8,"minecraft:dirt":992,"minecraft:cooked_mutton":11,"minecraft:bone":2,"minecraft:stonecutter":1,"minecraft:wheat_seeds":16,"minecraft:rabbit":1,"regions_unexplored:orange_maple_leaf_pile":2,"minecraft:scaffolding":6,"minecraft:cooked_porkchop":4,"minecraft:stone_brick_slab":16,"minecraft:gravel":15,"minecraft:sand":67,"minecraft:white_bed":1,"minecraft:spider_eye":1,"cataclysm:stone_tiles":12,"minecraft:chainmail_leggings":1,"minecraft:granite":49,"minecraft:grass":2,"regions_unexplored:maple_log":34,"minecraft:coal":171,"minecraft:oak_leaves":90},"minecraft:broken":{"minecraft:golden_shovel":1,"ancient_elements:stone_hammer":1,"minecraft:stone_pickaxe":1,"minecraft:stone_axe":2,"vanillaplustools:stone_shovel":1},"minecraft:mined":{"minecraft:white_bed":1,"ancient_elements:lead_ore":5,"regions_unexplored:maple_log":34,"minecraft:cobblestone_stairs":8,"cataclysm:stone_tiles":12,"regions_unexplored:larch_planks":25,"gravestone:gravestone":4,"minecraft:granite":16,"cataclysm:stone_tile_stairs":1,"minecraft:grass_block":192,"regions_unexplored:maple_leaves":1,"minecraft:large_fern":1,"minecraft:hay_block":13,"minecraft:furnace":1,"minecraft:iron_ore":8,"minecraft:andesite":1,"ancient_elements:tin_ore":10,"regions_unexplored:larch_leaves":21,"minecraft:rail":2,"regions_unexplored:medium_grass":4,"regions_unexplored:orange_maple_leaf_pile":1,"regions_unexplored:larch_log":216,"minecraft:stone":285,"regions_unexplored:silt_grass_block":7,"minecraft:scaffolding":6,"minecraft:stone_brick_slab":10,"minecraft:oak_fence":2,"minecraft:crafting_table":4,"minecraft:torch":2,"regions_unexplored:peat_grass_block":2,"regions_unexplored:silt_dirt":17,"minecraft:coarse_dirt":73,"minecraft:grass":9,"minecraft:oak_log":1,"minecraft:coal_ore":34,"regions_unexplored:peat_dirt":1,"minecraft:gravel":16,"minecraft:sand":67,"minecraft:dirt":840,"minecraft:stonecutter":1,"minecraft:oak_leaves":99},"minecraft:crafted":{"minecraft:oak_planks":4,"minecraft:stone_shovel":10,"regions_unexplored:maple_planks":68,"minecraft:furnace":11,"regions_unexplored:larch_planks":428,"minecraft:stone":334,"minecraft:glass_pane":64,"minecraft:glass":32,"minecraft:stone_brick_slab":2,"regions_unexplored:larch_door":9,"minecraft:ladder":3,"minecraft:stone_pickaxe":2,"minecraft:chest":8,"vanillaplustools:stone_shovel":1,"regions_unexplored:larch_stairs":12,"minecraft:wheat":117,"minecraft:crafting_table":7,"minecraft:wooden_pickaxe":1,"minecraft:bucket":1,"minecraft:campfire":3,"minecraft:stone_axe":3,"minecraft:bread":39,"minecraft:air":0,"minecraft:charcoal":1,"minecraft:shield":1,"cataclysm:stone_tile_stairs":1,"minecraft:stick":56,"minecraft:iron_ingot":8,"minecraft:stone_sword":1,"minecraft:stonecutter":1,"minecraft:white_bed":2,"ancient_elements:stone_hammer":2,"minecraft:torch":60,"minecraft:shears":1},"minecraft:used":{"regions_unexplored:silt_dirt":9,"minecraft:moss_carpet":1,"minecraft:stone_sword":68,"minecraft:stone_shovel":49,"minecraft:ladder":3,"minecraft:chest":8,"minecraft:shield":16,"minecraft:stone":4,"minecraft:torch":44,"minecraft:dirt":921,"cataclysm:stone_tiles":191,"minecraft:golden_shovel":32,"minecraft:fern":2,"minecraft:glass":8,"ancient_elements:stone_hammer":223,"minecraft:stone_brick_slab":93,"regions_unexplored:larch_planks":349,"minecraft:scaffolding":2,"minecraft:furnace":10,"minecraft:cooked_beef":5,"minecraft:cooked_mutton":11,"minecraft:water_bucket":16,"minecraft:cobblestone_stairs":116,"minecraft:stone_pickaxe":166,"minecraft:wooden_pickaxe":10,"minecraft:stonecutter":2,"minecraft:oak_leaves":22,"minecraft:crafting_table":10,"vanillaplustools:stone_shovel":131,"minecraft:white_bed":3,"minecraft:campfire":3,"minecraft:shears":109,"cataclysm:stone_tile_stairs":9,"regions_unexplored:orange_maple_leaf_pile":2,"minecraft:bread":21,"regions_unexplored:larch_stairs":11,"minecraft:map":1,"regions_unexplored:larch_log":107,"minecraft:stone_axe":285,"regions_unexplored:larch_door":3,"minecraft:cobblestone":55,"minecraft:cooked_porkchop":4,"minecraft:glass_pane":54,"minecraft:cooked_rabbit":1,"minecraft:bucket":16,"regions_unexplored:maple_log":7},"minecraft:custom":{"minecraft:mob_kills":17,"minecraft:interact_with_crafting_table":64,"minecraft:interact_with_campfire":11,"minecraft:leave_game":6,"minecraft:time_since_death":61514,"minecraft:climb_one_cm":1384,"minecraft:sprint_one_cm":515489,"minecraft:walk_one_cm":643088,"minecraft:damage_blocked_by_shield":570,"minecraft:drop":25,"minecraft:play_time":259815,"minecraft:deaths":4,"minecraft:sneak_time":29719,"minecraft:walk_under_water_one_cm":13825,"minecraft:jump":2635,"minecraft:walk_on_water_one_cm":14317,"minecraft:total_world_time":259815,"minecraft:interact_with_furnace":52,"spartanshields:shield_bash_hits":1,"minecraft:interact_with_stonecutter":17,"minecraft:sleep_in_bed":11,"minecraft:time_since_rest":21210,"minecraft:damage_taken":2960,"minecraft:damage_dealt":2581,"minecraft:swim_one_cm":23014,"minecraft:fly_one_cm":686718,"minecraft:open_chest":65,"minecraft:crouch_one_cm":117442,"minecraft:fall_one_cm":66931},"minecraft:killed_by":{"minecraft:player":1,"minecraft:skeleton":1,"minecraft:zombie":2},"minecraft:killed":{"minecraft:cave_spider":1,"minecraft:spider":2,"minecraft:skeleton":1,"minecraft:rabbit":1,"minecraft:sheep":7,"minecraft:zombie":5}},"DataVersion":3465}