{"stats":{"minecraft:picked_up":{"minecraft:hay_block":2,"minecraft:wheat":1},"minecraft:mined":{"minecraft:hay_block":3},"minecraft:custom":{"minecraft:jump":126,"minecraft:time_since_rest":5292,"minecraft:interact_with_furnace":1,"minecraft:crouch_one_cm":48,"minecraft:leave_game":1,"minecraft:play_time":16255,"minecraft:sprint_one_cm":29890,"minecraft:damage_taken":10,"minecraft:time_since_death":16255,"minecraft:walk_one_cm":42027,"minecraft:sleep_in_bed":1,"minecraft:sneak_time":33,"minecraft:total_world_time":16255,"minecraft:fall_one_cm":2007,"minecraft:fly_one_cm":120530}},"DataVersion":3465}