{"stats":{"minecraft:killed":{"minecraft:cave_spider":1,"minecraft:spider":3,"minecraft:skeleton":2,"minecraft:chicken":7,"minecraft:pig":9,"minecraft:salmon":4,"minecraft:rabbit":1,"minecraft:sheep":9,"minecraft:zombie":11,"minecraft:cow":5},"minecraft:picked_up":{"minecraft:crafting_table":5,"minecraft:coarse_dirt":73,"minecraft:wheat":1,"regions_unexplored:larch_planks":87,"minecraft:chicken":7,"minecraft:ladder":1,"cataclysm:stone_tile_stairs":1,"minecraft:smithing_table":1,"regions_unexplored:silt_dirt":24,"minecraft:cooked_rabbit":1,"regions_unexplored:white_trillium":3,"gravestone:obituary":2,"minecraft:raw_copper":69,"minecraft:string":6,"cannibal:bone_mask":1,"minecraft:moss_carpet":4,"regions_unexplored:medium_grass":1,"ancient_elements:stone_hammer":1,"minecraft:cobbled_deepslate":1565,"minecraft:beef":12,"regions_unexplored:larch_log":374,"minecraft:sugar_cane":3,"minecraft:furnace":1,"minecraft:stick":18,"minecraft:raw_iron":59,"ancient_elements:raw_steel":13,"minecraft:oak_fence":2,"minecraft:torch":16,"minecraft:porkchop":16,"ancient_elements:raw_tin":37,"minecraft:diorite":111,"minecraft:redstone":22,"minecraft:arrow":1,"minecraft:rotten_flesh":10,"minecraft:hay_block":24,"regions_unexplored:larch_leaves":13,"minecraft:mutton":14,"minecraft:rail":2,"minecraft:white_wool":10,"minecraft:cobblestone":4659,"regions_unexplored:peat_dirt":6,"minecraft:feather":2,"minecraft:cooked_beef":6,"minecraft:andesite":136,"minecraft:salmon":3,"minecraft:leather":3,"minecraft:fern":2,"minecraft:birch_planks":5,"ancient_elements:raw_lead":12,"minecraft:flint":4,"minecraft:oak_log":1,"minecraft:chainmail_chestplate":1,"minecraft:cobblestone_stairs":8,"minecraft:lapis_lazuli":93,"minecraft:dirt":1051,"minecraft:cooked_mutton":13,"securitycraft:reinforced_stone_button":8,"minecraft:bone":2,"minecraft:stonecutter":2,"minecraft:wheat_seeds":19,"minecraft:raw_gold":8,"minecraft:cooked_chicken":2,"regions_unexplored:larch_shrub":2,"minecraft:rabbit":1,"regions_unexplored:orange_maple_leaf_pile":2,"regions_unexplored:larch_stairs":12,"minecraft:scaffolding":22,"minecraft:cooked_porkchop":6,"minecraft:stone_brick_slab":16,"minecraft:pig_spawn_egg":1,"minecraft:gravel":53,"minecraft:sand":192,"securitycraft:reinforced_iron_block":3,"minecraft:white_bed":2,"securitycraft:reinforced_dispenser":1,"ancient_elements:tin_pickaxe":1,"minecraft:spider_eye":1,"minecraft:mossy_cobblestone":1,"cataclysm:stone_tiles":24,"minecraft:diamond":6,"minecraft:chainmail_leggings":1,"minecraft:granite":248,"minecraft:grass":2,"regions_unexplored:maple_log":35,"minecraft:oak_leaves":90,"minecraft:coal":235},"minecraft:broken":{"minecraft:golden_shovel":1,"ancient_elements:stone_hammer":4,"minecraft:stone_pickaxe":2,"minecraft:stone_axe":4,"vanillaplustools:stone_shovel":1,"ancient_elements:lead_hammer":1,"minecraft:stone_shovel":1},"minecraft:mined":{"minecraft:white_bed":2,"minecraft:mossy_cobblestone":1,"ancient_elements:lead_ore":5,"minecraft:deepslate_diamond_ore":2,"regions_unexplored:maple_log":35,"minecraft:cobblestone_stairs":8,"cataclysm:stone_tiles":24,"regions_unexplored:larch_planks":69,"gravestone:gravestone":5,"minecraft:granite":42,"minecraft:grass_block":197,"cataclysm:stone_tile_stairs":1,"regions_unexplored:larch_stairs":12,"regions_unexplored:maple_leaves":1,"minecraft:large_fern":1,"minecraft:hay_block":24,"minecraft:furnace":1,"minecraft:iron_ore":19,"minecraft:andesite":14,"ancient_elements:tin_ore":14,"regions_unexplored:larch_leaves":25,"minecraft:rail":2,"regions_unexplored:medium_grass":9,"regions_unexplored:orange_maple_leaf_pile":1,"regions_unexplored:larch_log":379,"minecraft:stone":729,"regions_unexplored:silt_grass_block":7,"minecraft:smithing_table":1,"minecraft:scaffolding":21,"minecraft:stone_brick_slab":10,"minecraft:oak_fence":2,"minecraft:crafting_table":5,"minecraft:torch":2,"regions_unexplored:peat_grass_block":5,"regions_unexplored:silt_dirt":17,"minecraft:cobblestone":1,"minecraft:lapis_ore":2,"minecraft:sugar_cane":1,"minecraft:diorite":12,"minecraft:wall_torch":2,"minecraft:birch_planks":5,"minecraft:coarse_dirt":73,"minecraft:grass":14,"minecraft:oak_log":1,"minecraft:coal_ore":44,"regions_unexplored:peat_dirt":1,"minecraft:gravel":30,"minecraft:sand":193,"minecraft:dirt":898,"minecraft:stonecutter":2,"minecraft:deepslate":178,"minecraft:oak_leaves":100,"minecraft:fern":1,"regions_unexplored:larch_shrub":2},"minecraft:crafted":{"ancient_elements:lead_hammer":1,"minecraft:oak_planks":4,"securitycraft:sentry":1,"minecraft:stone_shovel":11,"ancient_elements:tin_axe":1,"regions_unexplored:maple_planks":72,"minecraft:cooked_chicken":5,"minecraft:furnace":11,"minecraft:stone_button":58,"regions_unexplored:larch_planks":992,"minecraft:stone":590,"securitycraft:keypad_item":1,"minecraft:heavy_weighted_pressure_plate":1,"minecraft:cooked_mutton":2,"minecraft:glass_pane":80,"securitycraft:laser_block":1,"minecraft:glass":192,"minecraft:stone_brick_slab":2,"minecraft:bow":1,"regions_unexplored:larch_door":9,"minecraft:ladder":114,"minecraft:stone_pickaxe":2,"minecraft:chest":14,"vanillaplustools:stone_shovel":1,"minecraft:redstone_block":1,"ancient_elements:tin_pickaxe":1,"regions_unexplored:larch_stairs":20,"minecraft:wheat":216,"minecraft:cooked_beef":12,"regions_unexplored:larch_boat":1,"securitycraft:portable_radar":1,"minecraft:cooked_porkchop":14,"minecraft:crafting_table":16,"minecraft:wooden_pickaxe":1,"minecraft:cooked_salmon":3,"minecraft:bucket":1,"minecraft:campfire":3,"minecraft:stone_axe":4,"ancient_elements:tin_ingot":10,"minecraft:bread":72,"minecraft:air":0,"minecraft:dispenser":1,"minecraft:charcoal":1,"minecraft:shield":1,"ancient_elements:lead_ingot":8,"cataclysm:stone_tile_stairs":1,"minecraft:stick":348,"minecraft:iron_block":3,"minecraft:iron_ingot":60,"minecraft:stone_sword":1,"minecraft:stonecutter":1,"minecraft:white_bed":3,"minecraft:redstone_torch":1,"ancient_elements:stone_hammer":5,"regions_unexplored:larch_slab":12,"minecraft:torch":100,"minecraft:shears":1,"securitycraft:universal_block_reinforcer_lvl1":1},"minecraft:killed_by":{"minecraft:player":1,"minecraft:skeleton":1,"minecraft:zombie":2},"minecraft:custom":{"minecraft:interact_with_smithing_table":1,"minecraft:mob_kills":52,"minecraft:open_barrel":1,"minecraft:interact_with_crafting_table":121,"minecraft:interact_with_campfire":17,"minecraft:leave_game":10,"minecraft:time_since_death":57805,"minecraft:climb_one_cm":45691,"minecraft:sprint_one_cm":1031584,"minecraft:walk_one_cm":1199960,"minecraft:damage_blocked_by_shield":570,"minecraft:drop":33,"minecraft:play_time":530101,"minecraft:deaths":5,"minecraft:sneak_time":42274,"minecraft:walk_under_water_one_cm":51266,"minecraft:boat_one_cm":176543,"minecraft:jump":4711,"minecraft:walk_on_water_one_cm":32915,"minecraft:total_world_time":530101,"minecraft:interact_with_furnace":142,"spartanshields:shield_bash_hits":1,"minecraft:interact_with_stonecutter":28,"minecraft:sleep_in_bed":19,"minecraft:time_since_rest":12508,"minecraft:damage_taken":4732,"minecraft:damage_dealt":6268,"minecraft:swim_one_cm":62327,"minecraft:fly_one_cm":1119914,"minecraft:open_chest":147,"minecraft:crouch_one_cm":166064,"minecraft:fall_one_cm":129893},"minecraft:used":{"regions_unexplored:silt_dirt":9,"minecraft:moss_carpet":1,"minecraft:stone_sword":98,"minecraft:stone_shovel":200,"minecraft:ladder":98,"minecraft:chest":14,"minecraft:shield":16,"minecraft:stone":7,"minecraft:cooked_salmon":3,"minecraft:cooked_chicken":2,"customnpcs:npcwand":1,"minecraft:torch":116,"minecraft:dirt":1016,"ancient_elements:tin_axe":45,"securitycraft:keypad_item":1,"cataclysm:stone_tiles":458,"minecraft:golden_shovel":32,"minecraft:granite":2,"minecraft:fern":2,"ancient_elements:stone_hammer":571,"minecraft:glass":65,"minecraft:stone_brick_slab":102,"securitycraft:sentry":1,"regions_unexplored:larch_planks":712,"minecraft:scaffolding":18,"minecraft:furnace":10,"minecraft:cooked_beef":11,"minecraft:cooked_mutton":15,"minecraft:water_bucket":64,"minecraft:cobblestone_stairs":116,"minecraft:stone_pickaxe":260,"regions_unexplored:peat_dirt":2,"minecraft:wooden_pickaxe":10,"regions_unexplored:larch_boat":1,"minecraft:stonecutter":3,"minecraft:oak_leaves":45,"ancient_elements:lead_hammer":232,"minecraft:crafting_table":20,"vanillaplustools:stone_shovel":131,"minecraft:white_bed":5,"minecraft:campfire":3,"regions_unexplored:larch_slab":12,"minecraft:shears":109,"cataclysm:stone_tile_stairs":9,"regions_unexplored:orange_maple_leaf_pile":2,"minecraft:bread":31,"minecraft:map":1,"regions_unexplored:larch_stairs":31,"regions_unexplored:larch_log":107,"minecraft:golden_helmet":1,"minecraft:stone_axe":502,"regions_unexplored:larch_door":3,"minecraft:cobblestone":87,"minecraft:smithing_table":1,"minecraft:cooked_porkchop":12,"minecraft:cooked_rabbit":1,"minecraft:andesite":1,"minecraft:glass_pane":62,"minecraft:bucket":65,"ancient_elements:tin_pickaxe":64,"regions_unexplored:maple_log":7},"minecraft:dropped":{"minecraft:bread":43,"minecraft:wheat_seeds":6,"regions_unexplored:larch_planks":18,"minecraft:granite":1,"ancient_elements:stone_hammer":1,"gravestone:obituary":5,"minecraft:string":2,"ancient_elements:tin_pickaxe":1,"minecraft:gravel":27,"regions_unexplored:white_trillium":3,"mca:needle_and_thread":1}},"DataVersion":3465}