{"stats":{"minecraft:crafted":{"minecraft:wooden_sword":1,"regions_unexplored:mauve_planks":28,"minecraft:charcoal":1,"minecraft:crafting_table":1,"minecraft:stick":8,"minecraft:wooden_pickaxe":1,"minecraft:stone_pickaxe":1,"minecraft:chest":1,"minecraft:furnace":1,"minecraft:campfire":1,"minecraft:air":0},"minecraft:killed_by":{"sanitydim:sneaking_terror":1},"minecraft:killed":{"minecraft:sheep":2,"minecraft:chicken":6},"minecraft:used":{"minecraft:stone_pickaxe":2,"minecraft:chest":1,"minecraft:wooden_pickaxe":13,"minecraft:wooden_sword":14,"minecraft:mutton":2,"minecraft:crafting_table":3,"minecraft:furnace":2,"minecraft:campfire":1},"minecraft:custom":{"minecraft:time_since_rest":3076,"minecraft:damage_taken":270,"minecraft:interact_with_furnace":2,"minecraft:sprint_one_cm":49703,"minecraft:walk_one_cm":112590,"minecraft:mob_kills":8,"minecraft:damage_dealt":500,"minecraft:fly_one_cm":97413,"minecraft:interact_with_crafting_table":7,"minecraft:swim_one_cm":13696,"minecraft:open_chest":1,"minecraft:crouch_one_cm":594,"minecraft:deaths":1,"minecraft:play_time":29468,"minecraft:interact_with_campfire":6,"minecraft:sneak_time":195,"minecraft:walk_under_water_one_cm":2908,"minecraft:jump":485,"minecraft:walk_on_water_one_cm":2957,"minecraft:time_since_death":3012,"minecraft:total_world_time":29468,"minecraft:fall_one_cm":11694},"minecraft:mined":{"regions_unexplored:hyssop":2,"minecraft:furnace":1,"minecraft:crafting_table":2,"gravestone:gravestone":1,"minecraft:grass":25,"minecraft:grass_block":3,"minecraft:dirt":10,"regions_unexplored:medium_grass":6,"regions_unexplored:mauve_log":13,"regions_unexplored:daisy":2,"minecraft:stone":12},"minecraft:picked_up":{"minecraft:crafting_table":2,"minecraft:feather":4,"minecraft:chicken":6,"regions_unexplored:daisy":3,"minecraft:dirt":13,"regions_unexplored:hyssop":3,"minecraft:wheat_seeds":2,"regions_unexplored:mauve_log":14,"minecraft:cooked_chicken":1,"minecraft:gray_wool":1,"minecraft:mutton":4,"minecraft:egg":1,"minecraft:white_wool":1,"minecraft:cobblestone":12,"minecraft:furnace":1}},"DataVersion":3465}