{"stats":{"minecraft:dropped":{"minecraft:bread":14,"minecraft:wheat_seeds":5,"regions_unexplored:larch_planks":10,"ancient_elements:stone_hammer":1,"gravestone:obituary":5,"minecraft:string":2,"regions_unexplored:white_trillium":3,"mca:needle_and_thread":1},"minecraft:picked_up":{"minecraft:crafting_table":4,"minecraft:coarse_dirt":73,"minecraft:wheat":1,"cataclysm:stone_tile_stairs":1,"minecraft:ladder":1,"regions_unexplored:larch_planks":64,"regions_unexplored:silt_dirt":24,"minecraft:cooked_rabbit":1,"regions_unexplored:white_trillium":3,"gravestone:obituary":2,"minecraft:raw_copper":20,"minecraft:string":5,"cannibal:bone_mask":1,"minecraft:moss_carpet":4,"regions_unexplored:medium_grass":1,"ancient_elements:stone_hammer":1,"regions_unexplored:larch_log":252,"minecraft:furnace":1,"minecraft:raw_iron":8,"minecraft:stick":17,"minecraft:oak_fence":2,"minecraft:torch":5,"ancient_elements:raw_tin":10,"minecraft:diorite":10,"minecraft:arrow":1,"minecraft:rotten_flesh":8,"minecraft:hay_block":13,"regions_unexplored:larch_leaves":13,"minecraft:mutton":10,"minecraft:cobblestone":1734,"minecraft:white_wool":7,"minecraft:rail":2,"regions_unexplored:peat_dirt":3,"minecraft:cooked_beef":6,"minecraft:andesite":31,"minecraft:fern":2,"ancient_elements:raw_lead":12,"minecraft:flint":1,"minecraft:oak_log":1,"minecraft:chainmail_chestplate":1,"minecraft:cobblestone_stairs":8,"minecraft:dirt":1012,"minecraft:cooked_mutton":11,"minecraft:bone":2,"minecraft:stonecutter":1,"minecraft:wheat_seeds":17,"regions_unexplored:larch_shrub":2,"minecraft:rabbit":1,"regions_unexplored:orange_maple_leaf_pile":2,"regions_unexplored:larch_stairs":10,"minecraft:scaffolding":6,"minecraft:cooked_porkchop":4,"minecraft:stone_brick_slab":16,"minecraft:gravel":15,"minecraft:sand":67,"minecraft:white_bed":1,"minecraft:spider_eye":1,"cataclysm:stone_tiles":15,"minecraft:chainmail_leggings":1,"minecraft:granite":49,"minecraft:grass":2,"regions_unexplored:maple_log":34,"minecraft:coal":171,"minecraft:oak_leaves":90},"minecraft:broken":{"minecraft:golden_shovel":1,"ancient_elements:stone_hammer":1,"minecraft:stone_pickaxe":1,"minecraft:stone_axe":2,"vanillaplustools:stone_shovel":1},"minecraft:mined":{"minecraft:white_bed":1,"ancient_elements:lead_ore":5,"regions_unexplored:maple_log":34,"minecraft:cobblestone_stairs":8,"cataclysm:stone_tiles":15,"regions_unexplored:larch_planks":54,"gravestone:gravestone":4,"minecraft:granite":16,"cataclysm:stone_tile_stairs":1,"minecraft:grass_block":192,"regions_unexplored:larch_stairs":10,"regions_unexplored:maple_leaves":1,"minecraft:large_fern":1,"minecraft:hay_block":13,"minecraft:furnace":1,"minecraft:iron_ore":8,"minecraft:andesite":1,"ancient_elements:tin_ore":10,"regions_unexplored:larch_leaves":23,"minecraft:rail":2,"regions_unexplored:medium_grass":4,"regions_unexplored:orange_maple_leaf_pile":1,"regions_unexplored:larch_log":254,"minecraft:stone":285,"regions_unexplored:silt_grass_block":7,"minecraft:scaffolding":6,"minecraft:stone_brick_slab":10,"minecraft:oak_fence":2,"minecraft:crafting_table":4,"minecraft:torch":2,"regions_unexplored:peat_grass_block":2,"regions_unexplored:silt_dirt":17,"minecraft:wall_torch":2,"minecraft:coarse_dirt":73,"minecraft:grass":9,"minecraft:oak_log":1,"minecraft:coal_ore":34,"regions_unexplored:peat_dirt":1,"minecraft:gravel":16,"minecraft:sand":67,"minecraft:dirt":864,"minecraft:stonecutter":1,"minecraft:oak_leaves":100,"minecraft:fern":1,"regions_unexplored:larch_shrub":2},"minecraft:crafted":{"minecraft:oak_planks":4,"minecraft:stone_shovel":10,"regions_unexplored:maple_planks":68,"minecraft:furnace":11,"regions_unexplored:larch_planks":580,"minecraft:stone":334,"minecraft:glass_pane":64,"minecraft:glass":59,"minecraft:stone_brick_slab":2,"regions_unexplored:larch_door":9,"minecraft:ladder":6,"minecraft:stone_pickaxe":2,"minecraft:chest":8,"vanillaplustools:stone_shovel":1,"regions_unexplored:larch_stairs":20,"minecraft:wheat":117,"minecraft:crafting_table":8,"minecraft:wooden_pickaxe":1,"minecraft:bucket":1,"minecraft:campfire":3,"minecraft:stone_axe":3,"minecraft:bread":39,"minecraft:air":0,"minecraft:charcoal":1,"minecraft:shield":1,"cataclysm:stone_tile_stairs":1,"minecraft:stick":60,"minecraft:iron_ingot":8,"minecraft:stone_sword":1,"minecraft:stonecutter":1,"minecraft:white_bed":2,"ancient_elements:stone_hammer":2,"regions_unexplored:larch_slab":12,"minecraft:torch":60,"minecraft:shears":1},"minecraft:used":{"regions_unexplored:silt_dirt":9,"minecraft:moss_carpet":1,"minecraft:stone_sword":68,"minecraft:stone_shovel":54,"minecraft:ladder":7,"minecraft:chest":8,"minecraft:shield":16,"minecraft:stone":4,"minecraft:torch":45,"minecraft:dirt":1012,"cataclysm:stone_tiles":294,"minecraft:golden_shovel":32,"minecraft:fern":2,"minecraft:glass":8,"ancient_elements:stone_hammer":228,"minecraft:stone_brick_slab":95,"regions_unexplored:larch_planks":483,"minecraft:scaffolding":2,"minecraft:furnace":10,"minecraft:cooked_beef":5,"minecraft:cooked_mutton":11,"minecraft:water_bucket":16,"minecraft:cobblestone_stairs":116,"minecraft:stone_pickaxe":171,"minecraft:wooden_pickaxe":10,"minecraft:stonecutter":2,"minecraft:oak_leaves":45,"minecraft:crafting_table":11,"vanillaplustools:stone_shovel":131,"minecraft:white_bed":3,"minecraft:campfire":3,"regions_unexplored:larch_slab":12,"minecraft:shears":109,"cataclysm:stone_tile_stairs":9,"regions_unexplored:orange_maple_leaf_pile":2,"minecraft:bread":25,"regions_unexplored:larch_stairs":26,"minecraft:map":1,"regions_unexplored:larch_log":107,"minecraft:stone_axe":364,"regions_unexplored:larch_door":3,"minecraft:cobblestone":55,"minecraft:cooked_porkchop":4,"minecraft:glass_pane":62,"minecraft:cooked_rabbit":1,"minecraft:bucket":16,"regions_unexplored:maple_log":7},"minecraft:custom":{"minecraft:mob_kills":17,"minecraft:interact_with_crafting_table":69,"minecraft:interact_with_campfire":11,"minecraft:leave_game":7,"minecraft:time_since_death":85713,"minecraft:climb_one_cm":1892,"minecraft:sprint_one_cm":577595,"minecraft:walk_one_cm":737859,"minecraft:damage_blocked_by_shield":570,"minecraft:drop":25,"minecraft:play_time":284014,"minecraft:deaths":4,"minecraft:sneak_time":32656,"minecraft:walk_under_water_one_cm":13825,"minecraft:jump":2868,"minecraft:walk_on_water_one_cm":14586,"minecraft:total_world_time":284014,"minecraft:interact_with_furnace":58,"spartanshields:shield_bash_hits":1,"minecraft:interact_with_stonecutter":19,"minecraft:sleep_in_bed":12,"minecraft:time_since_rest":7713,"minecraft:damage_taken":3042,"minecraft:damage_dealt":2742,"minecraft:swim_one_cm":23014,"minecraft:fly_one_cm":740031,"minecraft:open_chest":71,"minecraft:crouch_one_cm":129794,"minecraft:fall_one_cm":73038},"minecraft:killed_by":{"minecraft:player":1,"minecraft:skeleton":1,"minecraft:zombie":2},"minecraft:killed":{"minecraft:cave_spider":1,"minecraft:spider":2,"minecraft:skeleton":1,"minecraft:rabbit":1,"minecraft:sheep":7,"minecraft:zombie":5}},"DataVersion":3465}