{"stats":{"minecraft:used":{"minecraft:oak_log":10,"minecraft:oak_fence":59,"mca:male_villager_spawn_egg":5,"minecraft:cherry_sapling":2,"minecraft:jungle_leaves":262,"minecraft:dirt_path":123,"minecraft:villager_spawn_egg":1,"minecraft:polished_deepslate":6,"minecraft:grass_block":123,"minecraft:oak_stairs":289,"minecraft:oak_planks":46,"tacz:gun_smith_table":1,"minecraft:stone_slab":19,"minecraft:stone":17,"customnpcs:npcbuilderblock":3,"customnpcs:npcwand":3,"minecraft:stone_bricks":87,"securitycraft:reinforced_chiseled_deepslate":631,"minecraft:oak_leaves":204,"minecraft:dirt":20,"minecraft:cobblestone":122,"securitycraft:reinforced_stone_bricks":213,"minecraft:oak_slab":3,"mca:female_villager_spawn_egg":6,"securitycraft:reinforced_sea_lantern":612,"minecraft:stone_brick_wall":47,"minecraft:spruce_log":827,"customnpcs:npcmobcloner":27,"minecraft:bone_meal":57},"minecraft:custom":{"minecraft:time_since_rest":182477,"minecraft:sprint_one_cm":70591,"minecraft:walk_one_cm":377704,"minecraft:damage_dealt":29,"minecraft:talked_to_villager":1,"minecraft:fly_one_cm":1417904,"minecraft:open_chest":1,"minecraft:crouch_one_cm":9588,"minecraft:play_time":182477,"minecraft:sneak_time":5934,"minecraft:walk_under_water_one_cm":1928,"minecraft:jump":677,"minecraft:leave_game":2,"minecraft:time_since_death":182477,"minecraft:walk_on_water_one_cm":1495,"minecraft:total_world_time":182477,"minecraft:climb_one_cm":492,"minecraft:inspect_dispenser":1},"minecraft:picked_up":{"minecraft:dandelion":1,"minecraft:gunpowder":1,"regions_unexplored:daisy":5,"regions_unexplored:hyssop":2,"john_mod_reborn:freed_spirit":1,"minecraft:arrow":1,"regions_unexplored:fireweed":2,"minecraft:wheat_seeds":6,"minecraft:orange_tulip":1,"minecraft:mutton":4,"minecraft:white_wool":2}},"DataVersion":3465}