{"stat.chestOpened":2,"stat.walkOneCm":35685,"stat.leaveGame":5,"stat.craftItem.minecraft.crafting_table":2,"stat.pickup.minecraft.log":8,"stat.jump":443,"stat.pickup.minecraft.coal":1,"stat.climbOneCm":327,"stat.fallOneCm":6330,"stat.crouchOneCm":554,"stat.entityKilledBy.techguns.Bandit":1,"stat.craftItem.minecraft.chest":1,"stat.pickup.minecraft.dirt":6,"stat.sprintOneCm":82659,"stat.useItem.minecraft.stone_slab2":9,"stat.craftItem.minecraft.stick":4,"stat.craftingTableInteraction":4,"stat.craftItem.minecraft.planks":32,"stat.damageTaken":654,"stat.mineBlock.minecraft.red_flower":6,"stat.craftItem.minecraft.stone_pickaxe":1,"stat.useItem.minecraft.wooden_pickaxe":5,"stat.pickup.minecraft.cobblestone":27,"stat.pickup.dynamictrees.oakseed":1,"stat.entityKilledBy.hippogryph":1,"stat.useItem.customnpcs.npcwand":1,"stat.flyOneCm":232775,"stat.deaths":2,"stat.playOneMinute":29968,"stat.useItem.minecraft.stone_pickaxe":22,"stat.pickup.minecraft.red_flower":6,"stat.sneakTime":121,"stat.damageDealt":20,"stat.timeSinceDeath":13610,"stat.mineBlock.minecraft.dirt":6,"stat.pickup.integrateddynamics.on_the_dynamics_of_integration":1,"stat.craftItem.minecraft.wooden_pickaxe":1,"stat.mineBlock.minecraft.stone":27,"stat.pickup.minecraft.wheat":2}