{"stat.chestOpened":1,"stat.walkOneCm":30228,"stat.craftItem.minecraft.planks":32,"stat.leaveGame":5,"stat.damageTaken":654,"stat.craftItem.minecraft.crafting_table":1,"stat.mineBlock.minecraft.red_flower":6,"stat.craftItem.minecraft.stone_pickaxe":1,"stat.useItem.minecraft.wooden_pickaxe":5,"stat.pickup.minecraft.cobblestone":27,"stat.pickup.dynamictrees.oakseed":1,"stat.entityKilledBy.hippogryph":1,"stat.pickup.minecraft.log":8,"stat.flyOneCm":232024,"stat.deaths":2,"stat.jump":436,"stat.playOneMinute":21766,"stat.pickup.minecraft.coal":1,"stat.climbOneCm":327,"stat.fallOneCm":6330,"stat.useItem.minecraft.stone_pickaxe":22,"stat.pickup.minecraft.red_flower":6,"stat.sneakTime":99,"stat.damageDealt":20,"stat.crouchOneCm":491,"stat.timeSinceDeath":5408,"stat.entityKilledBy.techguns.Bandit":1,"stat.pickup.minecraft.dirt":6,"stat.sprintOneCm":82623,"stat.mineBlock.minecraft.dirt":6,"stat.useItem.minecraft.stone_slab2":7,"stat.pickup.integrateddynamics.on_the_dynamics_of_integration":1,"stat.craftItem.minecraft.wooden_pickaxe":1,"stat.mineBlock.minecraft.stone":27,"stat.pickup.minecraft.wheat":2,"stat.craftItem.minecraft.stick":4,"stat.craftingTableInteraction":3}