{"stats":{"minecraft:custom":{"minecraft:time_since_rest":129104,"minecraft:open_chest":1,"minecraft:crouch_one_cm":6917,"minecraft:sprint_one_cm":45139,"minecraft:play_time":129104,"minecraft:walk_one_cm":256867,"minecraft:sneak_time":4002,"minecraft:walk_under_water_one_cm":1928,"minecraft:jump":424,"minecraft:damage_dealt":29,"minecraft:leave_game":1,"minecraft:walk_on_water_one_cm":464,"minecraft:time_since_death":129104,"minecraft:climb_one_cm":492,"minecraft:total_world_time":129104,"minecraft:inspect_dispenser":1,"minecraft:fly_one_cm":876526},"minecraft:used":{"customnpcs:npcwand":3,"minecraft:oak_log":10,"minecraft:oak_fence":13,"securitycraft:reinforced_chiseled_deepslate":631,"minecraft:jungle_leaves":254,"minecraft:cobblestone":14,"minecraft:dirt":20,"securitycraft:reinforced_stone_bricks":213,"minecraft:dirt_path":104,"minecraft:polished_deepslate":6,"minecraft:oak_slab":3,"minecraft:oak_stairs":227,"minecraft:grass_block":32,"securitycraft:reinforced_sea_lantern":272,"minecraft:oak_planks":46,"tacz:gun_smith_table":1,"minecraft:stone_brick_wall":47,"customnpcs:npcbuilderblock":3,"customnpcs:npcmobcloner":4,"minecraft:spruce_log":398,"minecraft:stone_bricks":87},"minecraft:picked_up":{"regions_unexplored:hyssop":1,"regions_unexplored:fireweed":2,"minecraft:orange_tulip":1,"minecraft:wheat_seeds":4,"minecraft:mutton":4,"minecraft:white_wool":2}},"DataVersion":3465}