{"stats":{"minecraft:custom":{"minecraft:time_since_rest":90044,"minecraft:open_chest":1,"minecraft:crouch_one_cm":3804,"minecraft:play_time":90044,"minecraft:sprint_one_cm":34982,"minecraft:walk_one_cm":149514,"minecraft:sneak_time":1918,"minecraft:walk_under_water_one_cm":1928,"minecraft:jump":241,"minecraft:leave_game":1,"minecraft:time_since_death":90044,"minecraft:walk_on_water_one_cm":464,"minecraft:total_world_time":90044,"minecraft:fly_one_cm":421338},"minecraft:used":{"minecraft:stone_bricks":77,"minecraft:oak_log":10,"minecraft:jungle_leaves":96,"minecraft:dirt":20,"minecraft:dirt_path":85,"minecraft:oak_slab":3,"minecraft:oak_stairs":200,"minecraft:grass_block":22,"securitycraft:reinforced_sea_lantern":96,"minecraft:oak_planks":46,"tacz:gun_smith_table":1,"minecraft:stone_brick_wall":47,"minecraft:spruce_log":188,"customnpcs:npcmobcloner":3,"customnpcs:npcwand":3},"minecraft:picked_up":{"minecraft:wheat_seeds":1,"minecraft:orange_tulip":1,"minecraft:mutton":4,"minecraft:white_wool":2}},"DataVersion":3465}