{"stats":{"minecraft:custom":{"minecraft:time_since_rest":211306,"minecraft:sprint_one_cm":75993,"minecraft:walk_one_cm":396435,"minecraft:damage_dealt":29,"minecraft:talked_to_villager":1,"minecraft:fly_one_cm":1656129,"minecraft:open_chest":1,"minecraft:crouch_one_cm":10328,"minecraft:play_time":211306,"minecraft:sneak_time":7261,"minecraft:walk_under_water_one_cm":1928,"minecraft:jump":740,"minecraft:leave_game":4,"minecraft:walk_on_water_one_cm":1495,"minecraft:time_since_death":211306,"minecraft:total_world_time":211306,"minecraft:climb_one_cm":492,"minecraft:inspect_dispenser":1},"minecraft:picked_up":{"minecraft:dandelion":1,"minecraft:gunpowder":1,"regions_unexplored:daisy":6,"regions_unexplored:hyssop":2,"john_mod_reborn:freed_spirit":1,"minecraft:arrow":1,"regions_unexplored:fireweed":3,"minecraft:wheat_seeds":6,"minecraft:orange_tulip":1,"minecraft:mutton":4,"minecraft:white_wool":2},"minecraft:used":{"minecraft:oak_log":10,"minecraft:oak_fence":59,"minecraft:cherry_sapling":2,"securitycraft:reinforced_yellow_concrete":64,"mca:male_villager_spawn_egg":5,"securitycraft:reinforced_red_concrete":37,"minecraft:jungle_leaves":262,"minecraft:dirt_path":127,"minecraft:polished_deepslate":6,"minecraft:villager_spawn_egg":1,"securitycraft:reinforced_raw_gold_block":102,"minecraft:grass_block":123,"minecraft:oak_stairs":289,"minecraft:oak_planks":46,"tacz:gun_smith_table":1,"minecraft:stone_slab":19,"minecraft:stone":17,"customnpcs:npcbuilderblock":3,"customnpcs:npcwand":3,"minecraft:stone_bricks":87,"securitycraft:reinforced_chiseled_deepslate":631,"minecraft:oak_leaves":204,"minecraft:cobblestone":122,"minecraft:dirt":20,"securitycraft:reinforced_stone_bricks":213,"minecraft:oak_slab":3,"securitycraft:reinforced_light_gray_concrete":50,"securitycraft:reinforced_blue_concrete":30,"securitycraft:reinforced_sea_lantern":711,"mca:female_villager_spawn_egg":6,"minecraft:stone_brick_wall":47,"customnpcs:npcmobcloner":27,"minecraft:spruce_log":827,"minecraft:bone_meal":57,"minecraft:lightning_rod":5}},"DataVersion":3465}