{"stats":{"minecraft:custom":{"minecraft:time_since_rest":77356,"minecraft:open_chest":1,"minecraft:crouch_one_cm":2474,"minecraft:play_time":77356,"minecraft:sprint_one_cm":22843,"minecraft:walk_one_cm":113977,"minecraft:sneak_time":1339,"minecraft:walk_under_water_one_cm":1928,"minecraft:jump":169,"minecraft:time_since_death":77356,"minecraft:walk_on_water_one_cm":464,"minecraft:total_world_time":77356,"minecraft:fly_one_cm":351292},"minecraft:used":{"minecraft:stone_bricks":71,"minecraft:oak_log":10,"minecraft:dirt":20,"minecraft:dirt_path":58,"minecraft:oak_slab":3,"minecraft:oak_stairs":138,"minecraft:grass_block":22,"minecraft:oak_planks":46,"tacz:gun_smith_table":1,"minecraft:stone_brick_wall":47,"customnpcs:npcmobcloner":3,"customnpcs:npcwand":3}},"DataVersion":3465}