{"stats":{"minecraft:custom":{"minecraft:time_since_rest":117104,"minecraft:open_chest":1,"minecraft:crouch_one_cm":6098,"minecraft:sprint_one_cm":38747,"minecraft:play_time":117104,"minecraft:walk_one_cm":228861,"minecraft:sneak_time":3559,"minecraft:walk_under_water_one_cm":1928,"minecraft:jump":340,"minecraft:damage_dealt":29,"minecraft:leave_game":1,"minecraft:walk_on_water_one_cm":464,"minecraft:time_since_death":117104,"minecraft:total_world_time":117104,"minecraft:inspect_dispenser":1,"minecraft:fly_one_cm":781635},"minecraft:used":{"customnpcs:npcwand":3,"minecraft:oak_log":10,"securitycraft:reinforced_chiseled_deepslate":631,"minecraft:jungle_leaves":195,"minecraft:dirt":20,"securitycraft:reinforced_stone_bricks":213,"minecraft:dirt_path":85,"minecraft:polished_deepslate":6,"minecraft:oak_slab":3,"minecraft:oak_stairs":200,"minecraft:grass_block":23,"securitycraft:reinforced_sea_lantern":209,"minecraft:oak_planks":46,"tacz:gun_smith_table":1,"minecraft:stone_brick_wall":47,"customnpcs:npcmobcloner":4,"minecraft:spruce_log":308,"minecraft:stone_bricks":87},"minecraft:picked_up":{"minecraft:orange_tulip":1,"minecraft:wheat_seeds":4,"minecraft:mutton":4,"minecraft:white_wool":2}},"DataVersion":3465}