{"stats":{"minecraft:used":{"tacz:gun_smith_table":1,"customnpcs:npcmobcloner":3,"customnpcs:npcwand":3},"minecraft:custom":{"minecraft:jump":91,"minecraft:time_since_rest":53356,"minecraft:crouch_one_cm":1047,"minecraft:walk_on_water_one_cm":464,"minecraft:sprint_one_cm":8111,"minecraft:play_time":53356,"minecraft:time_since_death":53356,"minecraft:walk_one_cm":71519,"minecraft:sneak_time":446,"minecraft:total_world_time":53356,"minecraft:walk_under_water_one_cm":1928,"minecraft:fly_one_cm":165329}},"DataVersion":3465}