{"stats":{"minecraft:used":{"minecraft:wheat_seeds":14,"travelersbackpack:sheep":3,"minecraft:glass":44,"useless_sword:valhalla_sword":50,"minecraft:bread":3,"minecraft:potato":32},"minecraft:dropped":{"regions_unexplored:peat_dirt":1,"regions_unexplored:silt_dirt":15,"minecraft:mossy_cobblestone":2},"minecraft:killed":{"minecraft:zombie":2},"minecraft:custom":{"minecraft:time_since_rest":23562,"minecraft:open_chest":14,"minecraft:crouch_one_cm":1,"minecraft:interact_with_furnace":14,"minecraft:play_time":23562,"minecraft:sprint_one_cm":24573,"minecraft:damage_taken":110,"minecraft:walk_one_cm":86562,"minecraft:sneak_time":34,"minecraft:mob_kills":2,"minecraft:drop":3,"minecraft:jump":135,"minecraft:damage_dealt":200,"minecraft:interact_with_blast_furnace":4,"minecraft:leave_game":1,"minecraft:time_since_death":23562,"minecraft:total_world_time":23562,"minecraft:interact_with_smoker":2,"minecraft:fall_one_cm":4798,"minecraft:fly_one_cm":11144},"minecraft:picked_up":{"minecraft:wheat":46,"minecraft:rotten_flesh":1,"minecraft:torch":2,"minecraft:wheat_seeds":120},"minecraft:mined":{"minecraft:potatoes":1,"minecraft:glass":1,"minecraft:wheat":46,"minecraft:torch":5},"minecraft:crafted":{"minecraft:glass":42,"minecraft:air":0}},"DataVersion":3465}