{"stats":{"minecraft:killed_by":{"minecraft:zombified_piglin":1},"minecraft:broken":{"minecraft:iron_boots":1,"minecraft:iron_axe":1,"minecraft:stone_shovel":1},"minecraft:custom":{"minecraft:mob_kills":113,"minecraft:interact_with_crafting_table":6,"minecraft:leave_game":2,"minecraft:time_since_death":28003,"minecraft:sprint_one_cm":402418,"minecraft:walk_one_cm":644015,"minecraft:damage_blocked_by_shield":445,"minecraft:drop":36,"minecraft:play_time":159449,"minecraft:deaths":1,"minecraft:sneak_time":9858,"minecraft:walk_under_water_one_cm":7458,"minecraft:jump":1452,"minecraft:interact_with_blast_furnace":5,"minecraft:walk_on_water_one_cm":7214,"minecraft:total_world_time":159449,"minecraft:interact_with_furnace":30,"spartanshields:shield_bash_hits":1,"minecraft:interact_with_stonecutter":2,"minecraft:time_since_rest":28093,"minecraft:damage_taken":1971,"minecraft:damage_dealt":9560,"minecraft:fly_one_cm":290483,"minecraft:swim_one_cm":9352,"minecraft:open_chest":73,"minecraft:crouch_one_cm":22403,"minecraft:interact_with_smoker":2,"minecraft:fall_one_cm":35965},"minecraft:killed":{"mca:female_zombie_villager":1,"minecraft:zombified_piglin":44,"minecraft:spider":6,"minecraft:phantom":4,"minecraft:skeleton":13,"minecraft:piglin_brute":1,"minecraft:strider":1,"minecraft:creeper":2,"minecraft:zombie":9,"minecraft:stray":1,"minecraft:ghast":2},"minecraft:mined":{"minecraft:deepslate_tiles":6,"regions_unexplored:yellow_bioshroom_block":1,"minecraft:obsidian":2,"regions_unexplored:larch_planks":4,"gravestone:gravestone":1,"minecraft:deepslate_tile_wall":1,"minecraft:cracked_polished_blackstone_bricks":1,"tacz:gun_smith_table":1,"regions_unexplored:raw_redstone_block":1,"minecraft:polished_blackstone_bricks":1,"regions_unexplored:stone_bud":1,"minecraft:glowstone":4,"regions_unexplored:pointed_redstone":2,"minecraft:fire":1,"minecraft:andesite":18,"regions_unexplored:larch_wall_sign":4,"minecraft:potatoes":1,"regions_unexplored:medium_grass":5,"regions_unexplored:larch_log":57,"minecraft:stone":24,"regions_unexplored:redstone_bulb":1,"minecraft:blackstone":5,"regions_unexplored:mycotoxic_moss":1,"minecraft:polished_blackstone_brick_wall":1,"minecraft:torch":11,"regions_unexplored:mycotoxic_daisy":2,"regions_unexplored:peat_grass_block":13,"minecraft:glass":1,"minecraft:tall_grass":3,"minecraft:cobblestone":8,"minecraft:diorite":29,"minecraft:wall_torch":2,"regions_unexplored:redstone_bud":2,"minecraft:wheat":71,"minecraft:white_carpet":1,"minecraft:grass":2,"regions_unexplored:peat_dirt":3,"minecraft:gravel":171,"minecraft:dirt":6,"minecraft:netherrack":3,"regions_unexplored:mycotoxic_grass":5,"regions_unexplored:larch_shrub":1},"minecraft:dropped":{"minecraft:wheat_seeds":2,"minecraft:mossy_cobblestone":2,"minecraft:cobblestone":20,"minecraft:granite":1,"minecraft:polished_blackstone_brick_wall":1,"minecraft:stick":5,"minecraft:dirt":7,"tacz:ammo_box":1,"useless_sword:valhalla_sword":2,"regions_unexplored:mycotoxic_daisy":2,"gravestone:obituary":3,"minecraft:gold_nugget":3,"tacz:modern_kinetic_gun":1,"minecraft:polished_blackstone_bricks":1,"minecraft:string":3,"minecraft:gold_ingot":1,"minecraft:bone":1,"minecraft:moss_carpet":1,"minecraft:blackstone":3,"regions_unexplored:larch_shrub":1,"minecraft:rotten_flesh":12,"regions_unexplored:mycotoxic_grass":6,"regions_unexplored:peat_dirt":4,"graveyard:skeleton_creeper_spawn_egg":1,"minecraft:andesite":101,"minecraft:golden_sword":2,"regions_unexplored:silt_dirt":15},"minecraft:crafted":{"minecraft:stone_shovel":1,"minecraft:bone_meal":72,"minecraft:glass":52,"tacz:ammo_box":1,"tacz:gun_smith_table":1,"minecraft:copper_ingot":39,"minecraft:air":0,"regions_unexplored:larch_sign":3,"minecraft:charcoal":42,"minecraft:stick":4,"minecraft:iron_block":1},"minecraft:picked_up":{"regions_unexplored:pointed_redstone":3,"minecraft:wheat":94,"regions_unexplored:mycotoxic_grass":6,"regions_unexplored:larch_planks":4,"regions_unexplored:mycotoxic_daisy":2,"gravestone:obituary":2,"minecraft:golden_sword":2,"mutantmonsters:mutant_skeleton_skull":1,"minecraft:string":7,"cannibal:bone_mask":4,"minecraft:moss_carpet":1,"minecraft:raw_copper":17,"tacz:ammo":45,"minecraft:white_carpet":20,"minecraft:blackstone":3,"graveyard:corruption":1,"minecraft:deepslate_tiles":6,"minecraft:gold_nugget":6,"regions_unexplored:larch_log":57,"minecraft:deepslate_tile_wall":1,"minecraft:phantom_membrane":3,"minecraft:stick":1,"minecraft:torch":10,"minecraft:polished_blackstone_bricks":1,"ancient_elements:raw_tin":2,"minecraft:diorite":31,"minecraft:redstone":3,"minecraft:arrow":16,"minecraft:rotten_flesh":18,"regions_unexplored:redstone_bulb":1,"minecraft:gold_ingot":2,"minecraft:obsidian":11,"minecraft:cobblestone":165,"regions_unexplored:peat_dirt":15,"useless_sword:valhalla_sword":1,"minecraft:andesite":113,"minecraft:potato":1,"minecraft:flint":8,"minecraft:golden_boots":1,"minecraft:gunpowder":3,"mutantmonsters:mutant_skeleton_limb":1,"minecraft:dirt":13,"minecraft:bone":16,"minecraft:bow":1,"minecraft:wheat_seeds":244,"regions_unexplored:larch_shrub":1,"minecraft:glowstone_dust":11,"tacz:gun_smith_table":1,"regions_unexplored:larch_sign":4,"minecraft:gravel":185,"minecraft:spider_eye":1,"tacz:modern_kinetic_gun":2,"minecraft:granite":1,"minecraft:painting":75,"minecraft:polished_blackstone_brick_wall":1,"minecraft:netherrack":3,"graveyard:skeleton_creeper_spawn_egg":1},"minecraft:used":{"minecraft:flint_and_steel":3,"ancient_elements:palladium_hammer":33,"minecraft:stone_shovel":131,"minecraft:oak_sign":1,"tacz:gun_smith_table":2,"minecraft:torch":3,"minecraft:white_carpet":20,"minecraft:obsidian":12,"minecraft:glass":54,"minecraft:lava_bucket":2,"minecraft:iron_axe":57,"minecraft:bow":77,"regions_unexplored:larch_planks":7,"minecraft:potato":32,"minecraft:wheat_seeds":38,"travelersbackpack:sheep":6,"minecraft:cooked_mutton":11,"minecraft:water_bucket":3,"minecraft:sugar_cane":14,"useless_sword:valhalla_sword":206,"spartanshields:stone_tower_shield":16,"minecraft:painting":75,"minecraft:deepslate_tile_wall":176,"minecraft:deepslate_tiles":4,"minecraft:bread":26,"minecraft:iron_pickaxe":82,"minecraft:gravel":27,"minecraft:diamond_sword":213,"minecraft:cobblestone":141,"minecraft:bucket":6,"minecraft:bone_meal":2,"regions_unexplored:larch_sign":4}},"DataVersion":3465}