{"stats":{"minecraft:killed_by":{"minecraft:player":1,"minecraft:zombified_piglin":1,"stalwart_dungeons:giddy_blaze":3},"minecraft:broken":{"minecraft:iron_boots":1,"minecraft:iron_axe":1,"minecraft:stone_shovel":1},"minecraft:custom":{"minecraft:mob_kills":142,"minecraft:interact_with_crafting_table":9,"minecraft:leave_game":4,"minecraft:time_since_death":11136,"minecraft:damage_resisted":24,"minecraft:sprint_one_cm":562125,"minecraft:walk_one_cm":961906,"minecraft:damage_blocked_by_shield":634,"minecraft:drop":57,"minecraft:play_time":252149,"minecraft:deaths":6,"minecraft:sneak_time":12841,"minecraft:walk_under_water_one_cm":8242,"minecraft:jump":2181,"minecraft:interact_with_blast_furnace":5,"minecraft:walk_on_water_one_cm":7514,"minecraft:total_world_time":252149,"minecraft:interact_with_furnace":38,"spartanshields:shield_bash_hits":1,"minecraft:interact_with_stonecutter":2,"minecraft:sleep_in_bed":1,"minecraft:time_since_rest":11207,"minecraft:damage_taken":4914,"minecraft:damage_dealt":15984,"minecraft:swim_one_cm":9352,"minecraft:fly_one_cm":421102,"minecraft:open_chest":108,"minecraft:crouch_one_cm":29655,"minecraft:interact_with_smoker":2,"minecraft:fall_one_cm":65089},"minecraft:killed":{"mca:female_zombie_villager":1,"minecraft:zombified_piglin":44,"minecraft:spider":6,"minecraft:phantom":4,"minecraft:skeleton":13,"stalwart_dungeons:nether_wart_cocoon":8,"minecraft:piglin_brute":5,"stalwart_dungeons:giddy_blaze":16,"minecraft:strider":1,"minecraft:hoglin":1,"minecraft:creeper":2,"minecraft:zombie":9,"minecraft:ghast":2,"minecraft:stray":1},"minecraft:mined":{"stalwart_dungeons:transient_block_open":1,"minecraft:deepslate_tiles":6,"regions_unexplored:yellow_bioshroom_block":1,"stalwart_dungeons:spore_vaporizer":3,"minecraft:red_nether_bricks":1,"minecraft:nether_bricks":7,"minecraft:obsidian":2,"regions_unexplored:larch_planks":4,"gravestone:gravestone":5,"minecraft:deepslate_tile_wall":1,"minecraft:cracked_polished_blackstone_bricks":1,"tacz:gun_smith_table":1,"regions_unexplored:raw_redstone_block":1,"minecraft:oak_wall_sign":1,"minecraft:cracked_nether_bricks":1,"minecraft:polished_blackstone_bricks":1,"regions_unexplored:stone_bud":1,"regions_unexplored:pointed_redstone":4,"minecraft:glowstone":4,"minecraft:fire":1,"minecraft:andesite":18,"regions_unexplored:larch_wall_sign":4,"minecraft:potatoes":1,"regions_unexplored:medium_grass":5,"regions_unexplored:larch_log":57,"minecraft:stone":24,"regions_unexplored:redstone_bulb":1,"minecraft:chiseled_nether_bricks":1,"minecraft:blackstone":5,"stalwart_dungeons:transient_block_close":7,"minecraft:basalt":6,"regions_unexplored:mycotoxic_moss":1,"minecraft:polished_blackstone_brick_wall":1,"minecraft:torch":11,"regions_unexplored:mycotoxic_daisy":2,"regions_unexplored:peat_grass_block":13,"minecraft:nether_quartz_ore":7,"minecraft:glass":1,"minecraft:cobblestone":10,"minecraft:tall_grass":3,"minecraft:sugar_cane":25,"minecraft:diorite":29,"minecraft:wall_torch":2,"minecraft:nether_wart_block":1,"regions_unexplored:redstone_bud":2,"minecraft:wheat":71,"minecraft:white_carpet":1,"minecraft:grass":2,"regions_unexplored:peat_dirt":3,"minecraft:gravel":171,"minecraft:dirt":6,"regions_unexplored:glistering_ivy":5,"minecraft:netherrack":35,"regions_unexplored:mycotoxic_grass":5,"regions_unexplored:glistering_nylium":4,"regions_unexplored:larch_shrub":1},"minecraft:dropped":{"minecraft:chiseled_nether_bricks":1,"minecraft:wheat_seeds":2,"minecraft:mossy_cobblestone":2,"minecraft:cobblestone":20,"minecraft:granite":1,"minecraft:polished_blackstone_brick_wall":1,"minecraft:stick":5,"minecraft:dirt":7,"tacz:ammo_box":1,"mca:book_romance":1,"useless_sword:valhalla_sword":2,"regions_unexplored:mycotoxic_daisy":2,"regions_unexplored:glistering_ivy":1,"regions_unexplored:glistering_sprout":1,"gravestone:obituary":8,"minecraft:gold_nugget":3,"tacz:modern_kinetic_gun":1,"minecraft:polished_blackstone_bricks":1,"regions_unexplored:pointed_redstone":7,"minecraft:string":3,"minecraft:bone":1,"minecraft:gold_ingot":1,"minecraft:moss_carpet":1,"minecraft:blackstone":3,"regions_unexplored:larch_shrub":1,"minecraft:nether_brick":2,"minecraft:rotten_flesh":13,"minecraft:nether_bricks":18,"regions_unexplored:mycotoxic_grass":6,"regions_unexplored:peat_dirt":4,"graveyard:skeleton_creeper_spawn_egg":1,"minecraft:andesite":101,"minecraft:golden_sword":2,"regions_unexplored:glistering_fern":2,"minecraft:basalt":6,"minecraft:cracked_nether_bricks":1,"regions_unexplored:silt_dirt":15,"minecraft:netherrack":136},"minecraft:crafted":{"minecraft:stone_shovel":1,"minecraft:bone_meal":72,"minecraft:glass":52,"minecraft:sugar":14,"tacz:ammo_box":1,"tacz:gun_smith_table":1,"minecraft:copper_ingot":39,"minecraft:air":0,"regions_unexplored:larch_sign":3,"minecraft:charcoal":42,"minecraft:stick":4,"minecraft:gunpowder":21,"minecraft:iron_block":1},"minecraft:picked_up":{"regions_unexplored:pointed_redstone":7,"minecraft:wheat":94,"regions_unexplored:mycotoxic_grass":6,"regions_unexplored:larch_planks":4,"regions_unexplored:mycotoxic_daisy":2,"regions_unexplored:glistering_sprout":1,"minecraft:nether_brick":29,"gravestone:obituary":3,"minecraft:golden_sword":2,"mutantmonsters:mutant_skeleton_skull":1,"minecraft:string":7,"cannibal:bone_mask":4,"minecraft:moss_carpet":1,"minecraft:raw_copper":17,"minecraft:red_nether_bricks":7,"stalwart_dungeons:giddy_blaze_spawn_egg":4,"tacz:ammo":270,"minecraft:white_carpet":20,"minecraft:blackstone":3,"minecraft:oak_sign":1,"graveyard:corruption":1,"minecraft:deepslate_tiles":6,"minecraft:gold_nugget":6,"regions_unexplored:larch_log":57,"minecraft:deepslate_tile_wall":1,"minecraft:sugar_cane":27,"minecraft:phantom_membrane":3,"minecraft:stick":1,"minecraft:torch":12,"minecraft:porkchop":4,"minecraft:polished_blackstone_bricks":1,"ancient_elements:raw_tin":2,"minecraft:diorite":31,"minecraft:redstone":3,"minecraft:chiseled_nether_bricks":1,"minecraft:arrow":16,"regions_unexplored:redstone_bulb":2,"minecraft:rotten_flesh":21,"minecraft:cooked_cod":19,"minecraft:nether_bricks":18,"minecraft:gold_ingot":2,"minecraft:blaze_rod":17,"minecraft:obsidian":11,"minecraft:cobblestone":167,"regions_unexplored:peat_dirt":15,"regions_unexplored:glistering_fern":2,"minecraft:cooked_beef":3,"useless_sword:valhalla_sword":1,"minecraft:basalt":6,"minecraft:andesite":113,"minecraft:potato":1,"minecraft:flint":8,"minecraft:golden_boots":1,"minecraft:gunpowder":3,"mca:book_romance":1,"minecraft:paper":12,"mutantmonsters:mutant_skeleton_limb":1,"minecraft:dirt":13,"minecraft:bone":16,"regions_unexplored:glistering_ivy":1,"minecraft:bow":1,"minecraft:wheat_seeds":244,"regions_unexplored:larch_shrub":1,"minecraft:glowstone_dust":11,"tacz:gun_smith_table":1,"stalwart_dungeons:transient_block_close":8,"regions_unexplored:larch_sign":4,"minecraft:quartz":32,"minecraft:cracked_nether_bricks":1,"minecraft:gravel":185,"minecraft:spider_eye":1,"stalwart_dungeons:spore_vaporizer":2,"tacz:modern_kinetic_gun":2,"minecraft:painting":76,"minecraft:granite":1,"minecraft:polished_blackstone_brick_wall":1,"minecraft:netherrack":298,"graveyard:skeleton_creeper_spawn_egg":1},"minecraft:used":{"cannibal:bone_mask":1,"minecraft:flint_and_steel":3,"ancient_elements:palladium_hammer":66,"minecraft:stone_shovel":131,"minecraft:oak_sign":1,"tacz:gun_smith_table":2,"minecraft:rotten_flesh":6,"minecraft:netherrack":34,"minecraft:torch":12,"minecraft:white_carpet":20,"mowziesmobs:wrought_helmet":1,"minecraft:obsidian":12,"minecraft:glass":54,"minecraft:lava_bucket":2,"minecraft:iron_axe":57,"stalwart_dungeons:spore_vaporizer":1,"minecraft:bow":77,"regions_unexplored:larch_planks":7,"minecraft:cooked_cod":22,"minecraft:cooked_beef":3,"minecraft:potato":32,"travelersbackpack:sheep":18,"minecraft:cooked_mutton":13,"minecraft:wheat_seeds":38,"minecraft:water_bucket":3,"minecraft:sugar_cane":14,"stalwart_dungeons:transient_block_close":3,"useless_sword:valhalla_sword":335,"spartanshields:stone_tower_shield":23,"minecraft:painting":75,"minecraft:deepslate_tile_wall":176,"minecraft:deepslate_tiles":4,"minecraft:bread":26,"minecraft:iron_pickaxe":131,"minecraft:gravel":27,"minecraft:diamond_sword":353,"minecraft:cobblestone":144,"minecraft:bucket":6,"minecraft:bone_meal":2,"regions_unexplored:larch_sign":4,"minecraft:experience_bottle":64}},"DataVersion":3465}