{"stats":{"minecraft:killed_by":{"minecraft:zombified_piglin":1},"minecraft:broken":{"minecraft:iron_axe":1,"minecraft:iron_boots":1,"minecraft:stone_shovel":1},"minecraft:custom":{"minecraft:interact_with_furnace":30,"spartanshields:shield_bash_hits":1,"minecraft:mob_kills":58,"minecraft:interact_with_crafting_table":6,"minecraft:interact_with_stonecutter":2,"minecraft:leave_game":2,"minecraft:time_since_death":10003,"minecraft:time_since_rest":10093,"minecraft:sprint_one_cm":372827,"minecraft:damage_taken":1671,"minecraft:walk_one_cm":600343,"minecraft:damage_blocked_by_shield":445,"minecraft:drop":25,"minecraft:damage_dealt":5095,"minecraft:swim_one_cm":9352,"minecraft:fly_one_cm":265883,"minecraft:open_chest":73,"minecraft:crouch_one_cm":10401,"minecraft:play_time":141449,"minecraft:deaths":1,"minecraft:sneak_time":3408,"minecraft:walk_under_water_one_cm":7458,"minecraft:jump":1267,"minecraft:interact_with_blast_furnace":5,"minecraft:walk_on_water_one_cm":7214,"minecraft:interact_with_smoker":2,"minecraft:total_world_time":141449,"minecraft:fall_one_cm":29133},"minecraft:killed":{"mca:female_zombie_villager":1,"minecraft:zombified_piglin":2,"minecraft:spider":6,"minecraft:strider":1,"minecraft:creeper":2,"minecraft:phantom":4,"minecraft:skeleton":13,"minecraft:zombie":9,"minecraft:stray":1,"minecraft:piglin_brute":1},"minecraft:mined":{"minecraft:deepslate_tiles":6,"gravestone:gravestone":1,"minecraft:obsidian":2,"regions_unexplored:larch_planks":4,"minecraft:torch":11,"regions_unexplored:mycotoxic_daisy":2,"minecraft:deepslate_tile_wall":1,"regions_unexplored:peat_grass_block":13,"minecraft:glass":1,"minecraft:tall_grass":3,"minecraft:cobblestone":5,"regions_unexplored:raw_redstone_block":1,"tacz:gun_smith_table":1,"minecraft:diorite":29,"minecraft:wall_torch":2,"regions_unexplored:stone_bud":1,"regions_unexplored:pointed_redstone":2,"regions_unexplored:redstone_bud":2,"minecraft:fire":1,"minecraft:wheat":71,"minecraft:white_carpet":1,"minecraft:andesite":18,"regions_unexplored:larch_wall_sign":4,"minecraft:grass":2,"minecraft:potatoes":1,"regions_unexplored:peat_dirt":3,"minecraft:gravel":171,"minecraft:dirt":6,"regions_unexplored:medium_grass":5,"regions_unexplored:larch_log":57,"minecraft:stone":24,"regions_unexplored:mycotoxic_grass":5,"regions_unexplored:redstone_bulb":1,"regions_unexplored:larch_shrub":1},"minecraft:dropped":{"minecraft:moss_carpet":1,"regions_unexplored:larch_shrub":1,"minecraft:wheat_seeds":2,"minecraft:mossy_cobblestone":2,"minecraft:cobblestone":6,"minecraft:rotten_flesh":12,"minecraft:granite":1,"regions_unexplored:mycotoxic_grass":6,"tacz:ammo_box":1,"regions_unexplored:peat_dirt":4,"minecraft:dirt":7,"useless_sword:valhalla_sword":1,"graveyard:skeleton_creeper_spawn_egg":1,"minecraft:andesite":101,"gravestone:obituary":1,"minecraft:gold_nugget":3,"tacz:modern_kinetic_gun":1,"regions_unexplored:silt_dirt":15,"minecraft:string":3,"minecraft:gold_ingot":1,"minecraft:bone":1},"minecraft:crafted":{"minecraft:stone_shovel":1,"tacz:ammo_box":1,"tacz:gun_smith_table":1,"minecraft:copper_ingot":39,"minecraft:bone_meal":72,"minecraft:air":0,"regions_unexplored:larch_sign":3,"minecraft:glass":52,"minecraft:charcoal":42,"minecraft:stick":4,"minecraft:iron_block":1},"minecraft:picked_up":{"regions_unexplored:pointed_redstone":3,"regions_unexplored:mycotoxic_grass":6,"regions_unexplored:peat_dirt":15,"minecraft:wheat":94,"regions_unexplored:larch_planks":4,"minecraft:andesite":113,"regions_unexplored:mycotoxic_daisy":2,"minecraft:potato":1,"minecraft:flint":8,"minecraft:gunpowder":3,"cannibal:bone_mask":4,"mutantmonsters:mutant_skeleton_limb":1,"minecraft:string":7,"minecraft:dirt":13,"minecraft:moss_carpet":1,"minecraft:raw_copper":17,"mutantmonsters:mutant_skeleton_skull":1,"tacz:ammo":45,"minecraft:white_carpet":20,"minecraft:bone":16,"graveyard:corruption":1,"minecraft:bow":1,"minecraft:deepslate_tiles":6,"minecraft:wheat_seeds":244,"minecraft:gold_nugget":3,"regions_unexplored:larch_log":57,"regions_unexplored:larch_shrub":1,"minecraft:deepslate_tile_wall":1,"tacz:gun_smith_table":1,"minecraft:phantom_membrane":3,"minecraft:stick":1,"regions_unexplored:larch_sign":4,"minecraft:torch":10,"minecraft:gravel":185,"ancient_elements:raw_tin":2,"minecraft:diorite":31,"minecraft:redstone":3,"minecraft:spider_eye":1,"minecraft:arrow":16,"minecraft:rotten_flesh":14,"regions_unexplored:redstone_bulb":1,"tacz:modern_kinetic_gun":2,"minecraft:granite":1,"minecraft:painting":75,"minecraft:gold_ingot":1,"minecraft:obsidian":11,"graveyard:skeleton_creeper_spawn_egg":1,"minecraft:cobblestone":148},"minecraft:used":{"travelersbackpack:sheep":5,"minecraft:wheat_seeds":38,"minecraft:cooked_mutton":7,"minecraft:water_bucket":3,"minecraft:flint_and_steel":3,"ancient_elements:palladium_hammer":33,"minecraft:stone_shovel":131,"minecraft:oak_sign":1,"tacz:gun_smith_table":2,"minecraft:sugar_cane":14,"minecraft:torch":3,"minecraft:white_carpet":20,"useless_sword:valhalla_sword":197,"spartanshields:stone_tower_shield":16,"minecraft:painting":75,"minecraft:obsidian":12,"minecraft:deepslate_tile_wall":176,"minecraft:deepslate_tiles":4,"minecraft:glass":54,"minecraft:lava_bucket":2,"minecraft:iron_axe":57,"minecraft:bread":26,"minecraft:iron_pickaxe":62,"minecraft:gravel":27,"minecraft:cobblestone":124,"minecraft:bow":77,"regions_unexplored:larch_planks":7,"minecraft:bucket":5,"minecraft:potato":32,"minecraft:bone_meal":2,"regions_unexplored:larch_sign":4}},"DataVersion":3465}