{"stats":{"minecraft:broken":{"minecraft:iron_axe":1,"minecraft:stone_shovel":1},"minecraft:custom":{"minecraft:interact_with_furnace":28,"spartanshields:shield_bash_hits":1,"minecraft:mob_kills":51,"minecraft:interact_with_crafting_table":6,"minecraft:interact_with_stonecutter":2,"minecraft:leave_game":2,"minecraft:time_since_death":105449,"minecraft:time_since_rest":105449,"minecraft:sprint_one_cm":263610,"minecraft:damage_taken":926,"minecraft:walk_one_cm":474319,"minecraft:damage_blocked_by_shield":385,"minecraft:drop":8,"minecraft:damage_dealt":4685,"minecraft:swim_one_cm":1709,"minecraft:fly_one_cm":190356,"minecraft:open_chest":60,"minecraft:crouch_one_cm":459,"minecraft:play_time":105449,"minecraft:sneak_time":182,"minecraft:walk_under_water_one_cm":791,"minecraft:jump":851,"minecraft:interact_with_blast_furnace":5,"minecraft:walk_on_water_one_cm":3201,"minecraft:interact_with_smoker":2,"minecraft:total_world_time":105449,"minecraft:fall_one_cm":14045},"minecraft:killed":{"mca:female_zombie_villager":1,"minecraft:spider":5,"minecraft:creeper":2,"minecraft:phantom":4,"minecraft:skeleton":13,"minecraft:zombie":9,"minecraft:stray":1},"minecraft:mined":{"minecraft:deepslate_tiles":6,"regions_unexplored:larch_planks":3,"minecraft:torch":11,"minecraft:deepslate_tile_wall":1,"regions_unexplored:peat_grass_block":11,"minecraft:glass":1,"minecraft:tall_grass":3,"minecraft:cobblestone":3,"tacz:gun_smith_table":1,"minecraft:diorite":29,"minecraft:wall_torch":2,"regions_unexplored:stone_bud":1,"minecraft:wheat":71,"minecraft:white_carpet":1,"minecraft:andesite":6,"regions_unexplored:larch_wall_sign":4,"minecraft:grass":2,"minecraft:potatoes":1,"regions_unexplored:peat_dirt":1,"minecraft:gravel":171,"minecraft:dirt":6,"regions_unexplored:medium_grass":5,"regions_unexplored:larch_log":57,"minecraft:stone":8},"minecraft:dropped":{"minecraft:moss_carpet":1,"minecraft:wheat_seeds":2,"minecraft:mossy_cobblestone":2,"regions_unexplored:peat_dirt":1,"minecraft:dirt":7,"regions_unexplored:silt_dirt":15,"minecraft:string":3},"minecraft:crafted":{"minecraft:stone_shovel":1,"tacz:ammo_box":1,"tacz:gun_smith_table":1,"minecraft:copper_ingot":39,"minecraft:bone_meal":72,"minecraft:air":0,"regions_unexplored:larch_sign":3,"minecraft:glass":52,"minecraft:charcoal":42,"minecraft:stick":4,"minecraft:iron_block":1},"minecraft:picked_up":{"regions_unexplored:peat_dirt":12,"minecraft:wheat":94,"regions_unexplored:larch_planks":3,"minecraft:andesite":12,"minecraft:potato":1,"minecraft:flint":8,"minecraft:gunpowder":3,"cannibal:bone_mask":4,"mutantmonsters:mutant_skeleton_limb":1,"minecraft:string":7,"minecraft:dirt":13,"minecraft:moss_carpet":1,"mutantmonsters:mutant_skeleton_skull":1,"tacz:ammo":45,"minecraft:white_carpet":20,"minecraft:bone":15,"graveyard:corruption":1,"minecraft:bow":1,"minecraft:deepslate_tiles":6,"minecraft:wheat_seeds":244,"regions_unexplored:larch_log":57,"minecraft:deepslate_tile_wall":1,"tacz:gun_smith_table":1,"minecraft:phantom_membrane":3,"minecraft:stick":1,"regions_unexplored:larch_sign":4,"minecraft:torch":10,"minecraft:gravel":185,"minecraft:diorite":31,"minecraft:spider_eye":1,"minecraft:arrow":16,"minecraft:rotten_flesh":12,"tacz:modern_kinetic_gun":1,"minecraft:painting":75,"minecraft:cobblestone":11},"minecraft:used":{"travelersbackpack:sheep":5,"minecraft:wheat_seeds":38,"ancient_elements:palladium_hammer":3,"minecraft:stone_shovel":131,"minecraft:oak_sign":1,"tacz:gun_smith_table":2,"minecraft:sugar_cane":14,"minecraft:torch":3,"minecraft:white_carpet":20,"useless_sword:valhalla_sword":168,"spartanshields:stone_tower_shield":13,"minecraft:painting":75,"minecraft:deepslate_tile_wall":176,"minecraft:deepslate_tiles":4,"minecraft:glass":54,"minecraft:iron_axe":57,"minecraft:bread":25,"minecraft:iron_pickaxe":58,"minecraft:gravel":27,"minecraft:cobblestone":8,"minecraft:bow":77,"regions_unexplored:larch_planks":6,"minecraft:potato":32,"minecraft:bone_meal":2,"regions_unexplored:larch_sign":4}},"DataVersion":3465}