{"stats":{"minecraft:custom":{"minecraft:interact_with_furnace":16,"spartanshields:shield_bash_hits":1,"minecraft:mob_kills":15,"minecraft:interact_with_crafting_table":4,"minecraft:interact_with_stonecutter":2,"minecraft:leave_game":2,"minecraft:time_since_death":69449,"minecraft:time_since_rest":69449,"minecraft:sprint_one_cm":141282,"minecraft:damage_taken":581,"minecraft:walk_one_cm":324370,"minecraft:damage_blocked_by_shield":215,"minecraft:drop":5,"minecraft:damage_dealt":2280,"minecraft:swim_one_cm":1709,"minecraft:fly_one_cm":82500,"minecraft:open_chest":34,"minecraft:crouch_one_cm":459,"minecraft:play_time":69449,"minecraft:sneak_time":182,"minecraft:walk_under_water_one_cm":383,"minecraft:jump":439,"minecraft:interact_with_blast_furnace":4,"minecraft:walk_on_water_one_cm":2887,"minecraft:interact_with_smoker":2,"minecraft:total_world_time":69449,"minecraft:fall_one_cm":9387},"minecraft:killed":{"minecraft:skeleton":2,"minecraft:zombie":5,"minecraft:stray":1},"minecraft:mined":{"minecraft:deepslate_tiles":6,"regions_unexplored:larch_planks":3,"minecraft:torch":9,"minecraft:deepslate_tile_wall":1,"minecraft:glass":1,"minecraft:cobblestone":3,"tacz:gun_smith_table":1,"minecraft:diorite":29,"minecraft:wall_torch":2,"minecraft:wheat":71,"minecraft:white_carpet":1,"minecraft:andesite":6,"regions_unexplored:larch_wall_sign":4,"minecraft:grass":2,"minecraft:potatoes":1,"minecraft:gravel":1,"minecraft:dirt":6,"regions_unexplored:medium_grass":4,"regions_unexplored:larch_log":28,"minecraft:stone":8},"minecraft:dropped":{"minecraft:mossy_cobblestone":2,"regions_unexplored:peat_dirt":1,"minecraft:dirt":7,"regions_unexplored:silt_dirt":15},"minecraft:crafted":{"tacz:gun_smith_table":1,"minecraft:air":0,"regions_unexplored:larch_sign":3,"minecraft:glass":52,"minecraft:iron_block":1},"minecraft:picked_up":{"minecraft:wheat":94,"regions_unexplored:larch_planks":3,"minecraft:andesite":12,"minecraft:potato":1,"minecraft:string":1,"minecraft:dirt":13,"minecraft:moss_carpet":1,"minecraft:white_carpet":20,"minecraft:bone":4,"graveyard:corruption":1,"minecraft:deepslate_tiles":6,"minecraft:wheat_seeds":242,"regions_unexplored:larch_log":28,"minecraft:deepslate_tile_wall":1,"tacz:gun_smith_table":1,"regions_unexplored:larch_sign":4,"minecraft:torch":8,"minecraft:gravel":1,"minecraft:diorite":31,"minecraft:arrow":4,"minecraft:rotten_flesh":3,"tacz:modern_kinetic_gun":1,"minecraft:painting":75,"minecraft:cobblestone":11},"minecraft:used":{"travelersbackpack:sheep":3,"minecraft:wheat_seeds":38,"ancient_elements:palladium_hammer":3,"minecraft:oak_sign":1,"tacz:gun_smith_table":2,"minecraft:torch":1,"minecraft:white_carpet":20,"useless_sword:valhalla_sword":107,"spartanshields:stone_tower_shield":7,"minecraft:painting":75,"minecraft:deepslate_tile_wall":176,"minecraft:deepslate_tiles":4,"minecraft:glass":54,"minecraft:iron_axe":32,"minecraft:bread":14,"minecraft:iron_pickaxe":58,"minecraft:cobblestone":8,"regions_unexplored:larch_planks":6,"minecraft:potato":32,"regions_unexplored:larch_sign":4}},"DataVersion":3465}