{"stats":{"minecraft:used":{"travelersbackpack:sheep":1,"minecraft:bread":1},"minecraft:dropped":{"regions_unexplored:silt_dirt":15,"minecraft:mossy_cobblestone":2,"regions_unexplored:peat_dirt":1},"minecraft:custom":{"minecraft:jump":9,"minecraft:open_chest":5,"minecraft:time_since_rest":11562,"minecraft:sprint_one_cm":3461,"minecraft:leave_game":1,"minecraft:play_time":11562,"minecraft:walk_one_cm":17253,"minecraft:time_since_death":11562,"minecraft:total_world_time":11562,"minecraft:drop":3,"minecraft:fly_one_cm":789}},"DataVersion":3465}