{"stats":{"minecraft:broken":{"minecraft:iron_axe":1,"minecraft:stone_shovel":1},"minecraft:custom":{"minecraft:interact_with_furnace":30,"spartanshields:shield_bash_hits":1,"minecraft:mob_kills":52,"minecraft:interact_with_crafting_table":6,"minecraft:interact_with_stonecutter":2,"minecraft:leave_game":2,"minecraft:time_since_death":129449,"minecraft:time_since_rest":129449,"minecraft:sprint_one_cm":332016,"minecraft:damage_taken":1302,"minecraft:walk_one_cm":574048,"minecraft:damage_blocked_by_shield":445,"minecraft:drop":20,"minecraft:damage_dealt":4689,"minecraft:swim_one_cm":9352,"minecraft:fly_one_cm":236243,"minecraft:open_chest":73,"minecraft:crouch_one_cm":1225,"minecraft:play_time":129449,"minecraft:sneak_time":465,"minecraft:walk_under_water_one_cm":7458,"minecraft:jump":1058,"minecraft:interact_with_blast_furnace":5,"minecraft:walk_on_water_one_cm":7214,"minecraft:interact_with_smoker":2,"minecraft:total_world_time":129449,"minecraft:fall_one_cm":20300},"minecraft:killed":{"mca:female_zombie_villager":1,"minecraft:spider":6,"minecraft:creeper":2,"minecraft:phantom":4,"minecraft:skeleton":13,"minecraft:zombie":9,"minecraft:stray":1},"minecraft:mined":{"minecraft:deepslate_tiles":6,"minecraft:obsidian":2,"regions_unexplored:larch_planks":4,"minecraft:torch":11,"minecraft:deepslate_tile_wall":1,"regions_unexplored:peat_grass_block":13,"minecraft:glass":1,"minecraft:tall_grass":3,"minecraft:cobblestone":5,"tacz:gun_smith_table":1,"minecraft:diorite":29,"minecraft:wall_torch":2,"regions_unexplored:stone_bud":1,"minecraft:fire":1,"minecraft:wheat":71,"minecraft:white_carpet":1,"minecraft:andesite":18,"regions_unexplored:larch_wall_sign":4,"minecraft:grass":2,"minecraft:potatoes":1,"regions_unexplored:peat_dirt":3,"minecraft:gravel":171,"minecraft:dirt":6,"regions_unexplored:medium_grass":5,"regions_unexplored:larch_log":57,"minecraft:stone":24,"regions_unexplored:larch_shrub":1},"minecraft:dropped":{"minecraft:moss_carpet":1,"regions_unexplored:larch_shrub":1,"minecraft:wheat_seeds":2,"minecraft:mossy_cobblestone":2,"minecraft:cobblestone":6,"minecraft:rotten_flesh":12,"minecraft:granite":1,"tacz:ammo_box":1,"regions_unexplored:peat_dirt":4,"minecraft:dirt":7,"useless_sword:valhalla_sword":1,"graveyard:skeleton_creeper_spawn_egg":1,"minecraft:andesite":101,"tacz:modern_kinetic_gun":1,"regions_unexplored:silt_dirt":15,"minecraft:string":3},"minecraft:crafted":{"minecraft:stone_shovel":1,"tacz:ammo_box":1,"tacz:gun_smith_table":1,"minecraft:copper_ingot":39,"minecraft:bone_meal":72,"minecraft:air":0,"regions_unexplored:larch_sign":3,"minecraft:glass":52,"minecraft:charcoal":42,"minecraft:stick":4,"minecraft:iron_block":1},"minecraft:picked_up":{"regions_unexplored:peat_dirt":15,"minecraft:wheat":94,"regions_unexplored:larch_planks":4,"minecraft:andesite":113,"minecraft:potato":1,"minecraft:flint":8,"minecraft:gunpowder":3,"cannibal:bone_mask":4,"mutantmonsters:mutant_skeleton_limb":1,"minecraft:string":7,"minecraft:dirt":13,"minecraft:moss_carpet":1,"minecraft:raw_copper":17,"mutantmonsters:mutant_skeleton_skull":1,"tacz:ammo":45,"minecraft:white_carpet":20,"minecraft:bone":16,"graveyard:corruption":1,"minecraft:bow":1,"minecraft:deepslate_tiles":6,"minecraft:wheat_seeds":244,"regions_unexplored:larch_log":57,"regions_unexplored:larch_shrub":1,"minecraft:deepslate_tile_wall":1,"tacz:gun_smith_table":1,"minecraft:phantom_membrane":3,"minecraft:stick":1,"regions_unexplored:larch_sign":4,"minecraft:torch":10,"minecraft:gravel":185,"ancient_elements:raw_tin":2,"minecraft:diorite":31,"minecraft:spider_eye":1,"minecraft:arrow":16,"minecraft:rotten_flesh":12,"tacz:modern_kinetic_gun":2,"minecraft:granite":1,"minecraft:painting":75,"minecraft:obsidian":11,"graveyard:skeleton_creeper_spawn_egg":1,"minecraft:cobblestone":148},"minecraft:used":{"travelersbackpack:sheep":5,"minecraft:wheat_seeds":38,"minecraft:cooked_mutton":4,"minecraft:water_bucket":3,"minecraft:flint_and_steel":3,"ancient_elements:palladium_hammer":33,"minecraft:stone_shovel":131,"minecraft:oak_sign":1,"tacz:gun_smith_table":2,"minecraft:sugar_cane":14,"minecraft:torch":3,"minecraft:white_carpet":20,"useless_sword:valhalla_sword":173,"spartanshields:stone_tower_shield":16,"minecraft:painting":75,"minecraft:obsidian":12,"minecraft:deepslate_tile_wall":176,"minecraft:deepslate_tiles":4,"minecraft:glass":54,"minecraft:iron_axe":57,"minecraft:bread":26,"minecraft:iron_pickaxe":60,"minecraft:gravel":27,"minecraft:cobblestone":15,"minecraft:bow":77,"regions_unexplored:larch_planks":7,"minecraft:bucket":3,"minecraft:potato":32,"minecraft:bone_meal":2,"regions_unexplored:larch_sign":4}},"DataVersion":3465}