{"stats":{"minecraft:broken":{"minecraft:iron_axe":1},"minecraft:custom":{"minecraft:interact_with_furnace":21,"spartanshields:shield_bash_hits":1,"minecraft:mob_kills":21,"minecraft:interact_with_crafting_table":4,"minecraft:interact_with_stonecutter":2,"minecraft:leave_game":2,"minecraft:time_since_death":81449,"minecraft:time_since_rest":81449,"minecraft:sprint_one_cm":189882,"minecraft:damage_taken":591,"minecraft:walk_one_cm":359436,"minecraft:damage_blocked_by_shield":215,"minecraft:drop":7,"minecraft:damage_dealt":2751,"minecraft:swim_one_cm":1709,"minecraft:fly_one_cm":133330,"minecraft:open_chest":48,"minecraft:crouch_one_cm":459,"minecraft:play_time":81449,"minecraft:sneak_time":182,"minecraft:walk_under_water_one_cm":383,"minecraft:jump":601,"minecraft:interact_with_blast_furnace":4,"minecraft:walk_on_water_one_cm":2887,"minecraft:interact_with_smoker":2,"minecraft:total_world_time":81449,"minecraft:fall_one_cm":11895},"minecraft:killed":{"minecraft:spider":1,"minecraft:skeleton":3,"minecraft:zombie":5,"minecraft:stray":1},"minecraft:mined":{"minecraft:deepslate_tiles":6,"regions_unexplored:larch_planks":3,"minecraft:torch":9,"minecraft:deepslate_tile_wall":1,"regions_unexplored:peat_grass_block":11,"minecraft:glass":1,"minecraft:cobblestone":3,"tacz:gun_smith_table":1,"minecraft:diorite":29,"minecraft:wall_torch":2,"minecraft:wheat":71,"minecraft:white_carpet":1,"minecraft:andesite":6,"regions_unexplored:larch_wall_sign":4,"minecraft:grass":2,"minecraft:potatoes":1,"minecraft:gravel":3,"minecraft:dirt":6,"regions_unexplored:medium_grass":4,"regions_unexplored:larch_log":57,"minecraft:stone":8},"minecraft:dropped":{"minecraft:moss_carpet":1,"minecraft:mossy_cobblestone":2,"regions_unexplored:peat_dirt":1,"minecraft:dirt":7,"regions_unexplored:silt_dirt":15,"minecraft:string":3},"minecraft:crafted":{"tacz:gun_smith_table":1,"minecraft:air":0,"regions_unexplored:larch_sign":3,"minecraft:glass":52,"minecraft:stick":4,"minecraft:iron_block":1},"minecraft:picked_up":{"regions_unexplored:peat_dirt":11,"minecraft:wheat":94,"regions_unexplored:larch_planks":3,"minecraft:andesite":12,"minecraft:potato":1,"mutantmonsters:mutant_skeleton_limb":1,"minecraft:string":3,"minecraft:dirt":13,"minecraft:moss_carpet":1,"mutantmonsters:mutant_skeleton_skull":1,"minecraft:white_carpet":20,"minecraft:bone":6,"graveyard:corruption":1,"minecraft:deepslate_tiles":6,"minecraft:wheat_seeds":242,"regions_unexplored:larch_log":57,"minecraft:deepslate_tile_wall":1,"tacz:gun_smith_table":1,"minecraft:stick":1,"regions_unexplored:larch_sign":4,"minecraft:torch":8,"minecraft:gravel":3,"minecraft:diorite":31,"minecraft:arrow":5,"minecraft:rotten_flesh":5,"tacz:modern_kinetic_gun":1,"minecraft:painting":75,"minecraft:cobblestone":11},"minecraft:used":{"travelersbackpack:sheep":5,"minecraft:wheat_seeds":38,"ancient_elements:palladium_hammer":3,"minecraft:oak_sign":1,"tacz:gun_smith_table":2,"minecraft:sugar_cane":14,"minecraft:torch":2,"minecraft:white_carpet":20,"useless_sword:valhalla_sword":119,"spartanshields:stone_tower_shield":7,"minecraft:painting":75,"minecraft:deepslate_tile_wall":176,"minecraft:deepslate_tiles":4,"minecraft:glass":54,"minecraft:iron_axe":57,"minecraft:bread":17,"minecraft:iron_pickaxe":58,"minecraft:gravel":2,"minecraft:cobblestone":8,"regions_unexplored:larch_planks":6,"minecraft:potato":32,"regions_unexplored:larch_sign":4}},"DataVersion":3465}