{"stats":{"minecraft:dropped":{"minecraft:iron_sword":1,"minecraft:wheat_seeds":1,"minecraft:mossy_cobblestone":1,"minecraft:cobblestone":301,"minecraft:granite":38,"minecraft:torch":1,"minecraft:white_wool":2,"minecraft:cobbled_deepslate":87,"minecraft:tuff":61,"minecraft:birch_sapling":2,"minecraft:rotten_flesh":8,"regions_unexplored:larch_sapling":1,"minecraft:rabbit_hide":1,"regions_unexplored:peat_dirt":4,"regions_unexplored:maple_stairs":1,"minecraft:andesite":19},"minecraft:picked_up":{"minecraft:crafting_table":2,"regions_unexplored:silt_dirt":7,"regions_unexplored:maple_planks":2,"regions_unexplored:red_maple_leaf_pile":2,"ancient_elements:raw_palladium":22,"minecraft:string":4,"minecraft:raw_copper":47,"minecraft:item_frame":1,"minecraft:cobbled_deepslate":394,"minecraft:beef":6,"minecraft:birch_sapling":2,"minecraft:tipped_arrow":1,"minecraft:raw_iron":72,"minecraft:stick":13,"ancient_elements:raw_steel":3,"minecraft:torch":6,"minecraft:spruce_stairs":1,"minecraft:porkchop":7,"ancient_elements:raw_tin":36,"minecraft:diorite":45,"minecraft:redstone":35,"minecraft:rotten_flesh":8,"minecraft:stone_sword":1,"minecraft:arrow":8,"minecraft:mutton":1,"minecraft:white_wool":2,"minecraft:cobblestone":426,"minecraft:birch_log":32,"regions_unexplored:peat_dirt":6,"minecraft:andesite":20,"minecraft:leather":8,"minecraft:birch_planks":2,"minecraft:flint":2,"ancient_elements:raw_lead":18,"minecraft:tuff":61,"regions_unexplored:red_maple_sapling":1,"minecraft:lapis_lazuli":18,"minecraft:dirt":2,"minecraft:bone":4,"minecraft:apple":1,"minecraft:bow":1,"minecraft:wheat_seeds":1,"minecraft:raw_gold":3,"minecraft:rabbit_hide":1,"minecraft:iron_ingot":2,"regions_unexplored:maple_stairs":1,"regions_unexplored:larch_sapling":1,"minecraft:rabbit":1,"minecraft:iron_sword":2,"regions_unexplored:orange_maple_leaf_pile":15,"minecraft:cooked_porkchop":3,"minecraft:gravel":21,"minecraft:mossy_cobblestone":1,"minecraft:diamond":8,"minecraft:granite":38,"regions_unexplored:maple_log":24,"minecraft:bread":14,"minecraft:coal":39},"minecraft:broken":{"ancient_elements:iron_hammer":1},"minecraft:mined":{"minecraft:tuff":26,"regions_unexplored:maple_planks":2,"ancient_elements:lead_ore":13,"minecraft:deepslate_diamond_ore":4,"regions_unexplored:maple_log":25,"minecraft:glow_lichen":1,"gravestone:gravestone":2,"minecraft:granite":4,"regions_unexplored:birch_branch":1,"regions_unexplored:stone_bud":2,"minecraft:iron_ore":24,"regions_unexplored:mossy_stone":1,"minecraft:andesite":4,"ancient_elements:tin_ore":19,"regions_unexplored:maple_stairs":1,"minecraft:deepslate_lapis_ore":1,"regions_unexplored:larch_leaves":18,"minecraft:deepslate_iron_ore":11,"regions_unexplored:maple_leaf_pile":1,"regions_unexplored:red_maple_leaves":1,"ancient_elements:palladium_ore":7,"regions_unexplored:medium_grass":3,"regions_unexplored:orange_maple_leaf_pile":5,"minecraft:stone":103,"regions_unexplored:silt_grass_block":8,"ancient_elements:steel_ore":1,"minecraft:deepslate_redstone_ore":2,"minecraft:crafting_table":2,"regions_unexplored:peat_grass_block":2,"ancient_elements:deepslate_tin_ore":6,"minecraft:copper_ore":11,"minecraft:deepslate_gold_ore":1,"minecraft:diorite":7,"minecraft:wall_torch":3,"minecraft:spruce_stairs":1,"minecraft:birch_planks":2,"minecraft:birch_log":32,"minecraft:birch_leaves":5,"regions_unexplored:red_maple_leaf_pile":2,"minecraft:grass":8,"minecraft:coal_ore":40,"regions_unexplored:peat_dirt":4,"minecraft:gravel":23,"minecraft:dirt":2,"minecraft:cobweb":2,"minecraft:oak_leaves":2,"minecraft:deepslate":128},"minecraft:crafted":{"regions_unexplored:maple_planks":96,"regions_unexplored:maple_stairs":4,"minecraft:stone_pickaxe":2,"regions_unexplored:maple_door":3,"minecraft:crafting_table":1,"minecraft:wooden_pickaxe":1,"minecraft:birch_planks":128,"minecraft:stone_axe":1,"minecraft:air":0,"minecraft:stick":24,"minecraft:iron_ingot":13,"ancient_elements:iron_hammer":1,"minecraft:torch":80},"minecraft:used":{"regions_unexplored:silt_dirt":7,"minecraft:stone_sword":76,"minecraft:flint_and_steel":14,"regions_unexplored:maple_door":1,"minecraft:iron_sword":75,"regions_unexplored:maple_planks":41,"minecraft:torch":48,"minecraft:spruce_stairs":1,"minecraft:chainmail_chestplate":1,"minecraft:bow":7,"minecraft:cobbled_deepslate":1,"minecraft:birch_planks":66,"minecraft:stone_pickaxe":161,"regions_unexplored:peat_dirt":2,"minecraft:wooden_pickaxe":20,"minecraft:chainmail_helmet":1,"ancient_elements:iron_hammer":253,"minecraft:crafting_table":3,"minecraft:bread":23,"minecraft:gravel":9,"minecraft:stone_axe":40,"regions_unexplored:maple_stairs":4,"minecraft:cobblestone":54,"minecraft:chainmail_boots":1,"minecraft:cooked_porkchop":3,"minecraft:chainmail_leggings":1},"minecraft:custom":{"minecraft:mob_kills":24,"minecraft:interact_with_crafting_table":6,"minecraft:interact_with_campfire":14,"minecraft:time_since_death":5294,"minecraft:sprint_one_cm":252139,"minecraft:walk_one_cm":444958,"minecraft:drop":28,"minecraft:play_time":122494,"minecraft:deaths":3,"minecraft:sneak_time":7490,"minecraft:walk_under_water_one_cm":2761,"minecraft:jump":1275,"minecraft:walk_on_water_one_cm":2548,"minecraft:total_world_time":122494,"minecraft:interact_with_furnace":3,"minecraft:sleep_in_bed":3,"minecraft:time_since_rest":6134,"minecraft:damage_taken":1980,"minecraft:damage_dealt":3540,"minecraft:fly_one_cm":134806,"minecraft:swim_one_cm":3540,"minecraft:open_chest":4,"minecraft:crouch_one_cm":19020,"minecraft:fall_one_cm":28393},"minecraft:killed_by":{"minecraft:zombie":1,"cave_dweller:cave_dweller":1},"minecraft:killed":{"mca:male_zombie_villager":1,"minecraft:spider":2,"creeperoverhaul:snowy_creeper":2,"minecraft:skeleton":2,"minecraft:pig":4,"minecraft:sheep":1,"minecraft:zombie":6,"minecraft:stray":1,"minecraft:cow":5}},"DataVersion":3465}