{"stats":{"minecraft:dropped":{"minecraft:iron_sword":1,"minecraft:wheat_seeds":1,"minecraft:mossy_cobblestone":1,"minecraft:cobblestone":301,"minecraft:apple":1,"minecraft:granite":38,"minecraft:stick":10,"minecraft:torch":1,"gravestone:obituary":3,"minecraft:string":12,"minecraft:white_wool":2,"minecraft:cobbled_deepslate":87,"minecraft:tuff":61,"minecraft:birch_sapling":2,"minecraft:rotten_flesh":8,"regions_unexplored:larch_sapling":1,"minecraft:rabbit_hide":1,"regions_unexplored:peat_dirt":5,"regions_unexplored:maple_stairs":1,"minecraft:andesite":19,"minecraft:arrow":2,"minecraft:stone_pickaxe":2},"minecraft:picked_up":{"minecraft:crafting_table":3,"regions_unexplored:silt_dirt":7,"minecraft:cooked_rabbit":1,"regions_unexplored:maple_planks":2,"regions_unexplored:red_maple_leaf_pile":2,"ancient_elements:raw_palladium":22,"minecraft:string":16,"minecraft:raw_copper":47,"minecraft:flint_and_steel":1,"minecraft:item_frame":1,"minecraft:cobbled_deepslate":395,"minecraft:beef":6,"minecraft:birch_sapling":2,"minecraft:furnace":1,"minecraft:tipped_arrow":1,"minecraft:raw_iron":72,"minecraft:stick":16,"ancient_elements:raw_steel":3,"minecraft:torch":15,"minecraft:spruce_stairs":1,"minecraft:porkchop":7,"ancient_elements:raw_tin":36,"minecraft:diorite":45,"minecraft:redstone":35,"minecraft:rotten_flesh":8,"minecraft:stone_sword":1,"minecraft:arrow":10,"minecraft:mutton":1,"minecraft:white_wool":2,"minecraft:cobblestone":436,"minecraft:birch_log":32,"regions_unexplored:peat_dirt":8,"minecraft:iron_door":1,"minecraft:andesite":20,"minecraft:leather":8,"minecraft:birch_planks":21,"minecraft:flint":3,"ancient_elements:raw_lead":18,"minecraft:tuff":61,"regions_unexplored:red_maple_sapling":1,"minecraft:lapis_lazuli":18,"minecraft:dirt":2,"minecraft:bone":4,"minecraft:apple":2,"minecraft:bow":1,"minecraft:wheat_seeds":1,"minecraft:raw_gold":3,"minecraft:stone_pickaxe":1,"minecraft:rabbit_hide":1,"minecraft:iron_ingot":2,"regions_unexplored:maple_stairs":1,"regions_unexplored:larch_sapling":1,"minecraft:rabbit":1,"minecraft:iron_sword":2,"regions_unexplored:orange_maple_leaf_pile":15,"minecraft:cooked_porkchop":3,"minecraft:gravel":27,"minecraft:sand":76,"securitycraft:reinforced_stone":8,"minecraft:mossy_cobblestone":1,"minecraft:diamond":8,"minecraft:granite":38,"regions_unexplored:maple_log":24,"minecraft:bread":14,"securitycraft:keypad":1,"securitycraft:door_indestructible_iron_item":1,"minecraft:coal":39},"minecraft:broken":{"ancient_elements:iron_hammer":1},"minecraft:mined":{"minecraft:tuff":26,"regions_unexplored:maple_planks":2,"ancient_elements:lead_ore":13,"minecraft:deepslate_diamond_ore":4,"regions_unexplored:maple_log":25,"minecraft:glow_lichen":1,"gravestone:gravestone":5,"minecraft:granite":4,"regions_unexplored:birch_branch":1,"regions_unexplored:stone_bud":2,"minecraft:furnace":1,"minecraft:cobbled_deepslate":1,"minecraft:iron_ore":24,"regions_unexplored:mossy_stone":1,"minecraft:andesite":4,"ancient_elements:tin_ore":19,"regions_unexplored:maple_stairs":1,"minecraft:deepslate_lapis_ore":1,"regions_unexplored:larch_leaves":18,"minecraft:deepslate_iron_ore":11,"regions_unexplored:maple_leaf_pile":1,"regions_unexplored:red_maple_leaves":1,"ancient_elements:palladium_ore":7,"regions_unexplored:medium_grass":4,"regions_unexplored:orange_maple_leaf_pile":5,"minecraft:stone":113,"regions_unexplored:silt_grass_block":8,"ancient_elements:steel_ore":1,"minecraft:deepslate_redstone_ore":2,"minecraft:glass_pane":4,"minecraft:crafting_table":3,"minecraft:torch":6,"regions_unexplored:peat_grass_block":3,"ancient_elements:deepslate_tin_ore":6,"minecraft:copper_ore":11,"minecraft:deepslate_gold_ore":1,"minecraft:iron_door":1,"minecraft:diorite":7,"minecraft:wall_torch":6,"minecraft:spruce_stairs":1,"minecraft:birch_planks":21,"minecraft:birch_log":32,"minecraft:birch_leaves":5,"regions_unexplored:red_maple_leaf_pile":2,"minecraft:grass":8,"minecraft:coal_ore":40,"regions_unexplored:peat_dirt":5,"minecraft:gravel":41,"minecraft:sand":76,"minecraft:dirt":2,"minecraft:cobweb":2,"minecraft:oak_leaves":2,"minecraft:deepslate":128},"minecraft:crafted":{"minecraft:cobbled_deepslate_slab":84,"regions_unexplored:maple_planks":96,"minecraft:furnace":3,"minecraft:stone":13,"regions_unexplored:maple_stairs":4,"securitycraft:keypad_item":1,"securitycraft:keypad_frame":1,"minecraft:heavy_weighted_pressure_plate":1,"minecraft:glass_pane":32,"securitycraft:laser_block":1,"minecraft:glass":15,"securitycraft:universal_block_remover":1,"minecraft:stone_pickaxe":2,"minecraft:chest":3,"minecraft:iron_door":3,"minecraft:cobbled_deepslate_stairs":16,"regions_unexplored:maple_door":3,"minecraft:redstone_block":1,"securitycraft:keypad_door_item":1,"minecraft:crafting_table":1,"securitycraft:reinforced_stone_button":8,"minecraft:wooden_pickaxe":1,"minecraft:birch_planks":128,"minecraft:stone_axe":1,"minecraft:air":0,"securitycraft:door_indestructible_iron_item":1,"minecraft:stick":28,"minecraft:iron_ingot":54,"ancient_elements:iron_hammer":1,"minecraft:torch":80,"minecraft:shears":1,"securitycraft:universal_block_reinforcer_lvl1":1},"minecraft:used":{"regions_unexplored:silt_dirt":7,"minecraft:stone_sword":78,"minecraft:flint_and_steel":15,"regions_unexplored:maple_door":1,"minecraft:chest":3,"minecraft:stone":8,"minecraft:iron_sword":82,"securitycraft:keypad_door_item":1,"regions_unexplored:maple_planks":41,"minecraft:torch":66,"minecraft:dirt":2,"securitycraft:keypad_item":1,"minecraft:spruce_stairs":1,"minecraft:chainmail_chestplate":1,"minecraft:bow":7,"minecraft:furnace":4,"minecraft:cobbled_deepslate":22,"minecraft:diorite":42,"securitycraft:door_indestructible_iron_item":1,"minecraft:birch_planks":97,"minecraft:stone_pickaxe":180,"regions_unexplored:peat_dirt":2,"minecraft:wooden_pickaxe":20,"securitycraft:keypad_frame":1,"minecraft:chainmail_helmet":1,"ancient_elements:iron_hammer":253,"minecraft:sand":2,"minecraft:crafting_table":4,"securitycraft:universal_block_remover":10,"minecraft:cobbled_deepslate_stairs":3,"minecraft:apple":1,"minecraft:bread":23,"minecraft:iron_door":1,"minecraft:gravel":21,"minecraft:stone_axe":57,"regions_unexplored:maple_stairs":4,"minecraft:cobblestone":114,"minecraft:cobbled_deepslate_slab":77,"minecraft:chainmail_boots":1,"minecraft:cooked_porkchop":3,"minecraft:cooked_rabbit":1,"minecraft:glass_pane":18,"minecraft:chainmail_leggings":1},"minecraft:custom":{"minecraft:mob_kills":25,"minecraft:interact_with_crafting_table":33,"minecraft:interact_with_campfire":15,"minecraft:time_since_death":56362,"minecraft:sprint_one_cm":333999,"minecraft:walk_one_cm":657311,"minecraft:drop":41,"minecraft:play_time":182494,"minecraft:deaths":5,"minecraft:sneak_time":9015,"minecraft:walk_under_water_one_cm":15871,"minecraft:jump":1680,"minecraft:walk_on_water_one_cm":17726,"minecraft:total_world_time":182494,"minecraft:interact_with_furnace":18,"minecraft:sleep_in_bed":7,"minecraft:time_since_rest":11842,"minecraft:damage_taken":2494,"minecraft:damage_dealt":3734,"minecraft:fly_one_cm":197510,"minecraft:swim_one_cm":20974,"minecraft:open_chest":20,"minecraft:crouch_one_cm":25308,"minecraft:fall_one_cm":31629},"minecraft:killed_by":{"minecraft:skeleton":1,"minecraft:zombie":2,"cave_dweller:cave_dweller":1},"minecraft:killed":{"mca:male_zombie_villager":1,"minecraft:spider":3,"creeperoverhaul:snowy_creeper":2,"minecraft:skeleton":2,"minecraft:pig":4,"minecraft:sheep":1,"minecraft:zombie":6,"minecraft:stray":1,"minecraft:cow":5}},"DataVersion":3465}