{"stats":{"minecraft:killed":{"mca:male_zombie_villager":1,"minecraft:spider":5,"creeperoverhaul:snowy_creeper":2,"minecraft:skeleton":5,"minecraft:pig":8,"minecraft:rabbit":1,"minecraft:sheep":1,"minecraft:zombie":6,"minecraft:stray":1,"minecraft:cow":5,"minecraft:enderman":1},"minecraft:picked_up":{"minecraft:crafting_table":3,"minecraft:wheat":72,"regions_unexplored:silt_dirt":7,"securitycraft:reinforced_birch_fence_gate":1,"minecraft:cooked_rabbit":1,"regions_unexplored:maple_planks":2,"gravestone:obituary":1,"regions_unexplored:red_maple_leaf_pile":2,"ancient_elements:raw_palladium":22,"minecraft:string":18,"cannibal:bone_mask":1,"minecraft:raw_copper":47,"minecraft:flint_and_steel":1,"minecraft:item_frame":1,"minecraft:cobbled_deepslate":395,"minecraft:beef":6,"minecraft:sugar_cane":10,"minecraft:birch_sapling":2,"minecraft:furnace":1,"minecraft:egg":18,"minecraft:tipped_arrow":1,"minecraft:stick":16,"minecraft:raw_iron":85,"ancient_elements:raw_steel":3,"minecraft:torch":27,"minecraft:spruce_stairs":1,"minecraft:porkchop":16,"ancient_elements:raw_tin":36,"minecraft:diorite":48,"minecraft:redstone":35,"minecraft:stone_sword":1,"minecraft:arrow":18,"minecraft:rotten_flesh":8,"securitycraft:reinforced_cobbled_deepslate":1,"minecraft:mutton":1,"securitycraft:keypad_door_item":4,"minecraft:white_wool":2,"minecraft:cobblestone":534,"minecraft:rabbit_spawn_egg":1,"minecraft:birch_log":32,"regions_unexplored:peat_dirt":162,"minecraft:iron_door":1,"minecraft:andesite":20,"minecraft:leather":8,"minecraft:birch_planks":23,"ancient_elements:raw_lead":18,"minecraft:flint":17,"minecraft:tuff":61,"regions_unexplored:red_maple_sapling":1,"minecraft:lapis_lazuli":18,"minecraft:dirt":19,"minecraft:lantern":1,"minecraft:bone":10,"minecraft:apple":2,"minecraft:bow":2,"minecraft:wheat_seeds":239,"minecraft:cobbled_deepslate_wall":5,"minecraft:raw_gold":3,"minecraft:rabbit_hide":1,"minecraft:iron_ingot":2,"regions_unexplored:maple_stairs":1,"minecraft:stone_pickaxe":1,"regions_unexplored:larch_sapling":1,"regions_unexplored:larch_shrub":2,"minecraft:rabbit":2,"minecraft:iron_sword":2,"regions_unexplored:orange_maple_leaf_pile":15,"minecraft:cooked_porkchop":12,"minecraft:gravel":130,"minecraft:sand":76,"securitycraft:reinforced_stone":16,"minecraft:spider_eye":1,"minecraft:mossy_cobblestone":3,"minecraft:polished_diorite":3,"minecraft:diamond":8,"minecraft:painting":3,"minecraft:granite":38,"regions_unexplored:maple_log":24,"minecraft:emerald":1,"minecraft:bread":43,"securitycraft:keypad":1,"securitycraft:door_indestructible_iron_item":1,"regions_unexplored:larch_boat":1,"minecraft:coal":99},"minecraft:broken":{"ancient_elements:lead_shovel":1,"ancient_elements:iron_hammer":1},"minecraft:crafted":{"minecraft:cobbled_deepslate_slab":84,"minecraft:smooth_stone":5,"securitycraft:reinforced_fence_gate":1,"regions_unexplored:maple_planks":96,"minecraft:furnace":3,"minecraft:stone":21,"regions_unexplored:maple_stairs":4,"ancient_elements:lead_hoe":1,"securitycraft:keypad_item":2,"securitycraft:keypad_frame":2,"minecraft:heavy_weighted_pressure_plate":2,"minecraft:glass_pane":32,"securitycraft:laser_block":1,"minecraft:glass":15,"ancient_elements:palladium_leggings":1,"ancient_elements:palladium_sword":1,"securitycraft:universal_block_remover":1,"minecraft:birch_fence_gate":2,"minecraft:stone_pickaxe":2,"ancient_elements:palladium_hammer":1,"minecraft:chest":3,"minecraft:cobbled_deepslate_stairs":16,"regions_unexplored:maple_door":3,"minecraft:iron_door":3,"minecraft:redstone_block":1,"securitycraft:keypad_door_item":1,"minecraft:crafting_table":1,"securitycraft:reinforced_stone_button":16,"ancient_elements:lead_shovel":1,"minecraft:wooden_pickaxe":1,"minecraft:cobbled_deepslate_wall":102,"minecraft:birch_planks":128,"minecraft:bucket":1,"minecraft:stone_axe":1,"minecraft:bread":3,"minecraft:air":0,"securitycraft:door_indestructible_iron_item":1,"ancient_elements:lead_ingot":22,"minecraft:stick":44,"minecraft:iron_ingot":59,"ancient_elements:palladium_ingot":22,"ancient_elements:iron_hammer":1,"minecraft:torch":80,"minecraft:shears":1,"ancient_elements:palladium_chestplate":1,"securitycraft:universal_block_reinforcer_lvl1":1},"minecraft:mined":{"minecraft:tuff":26,"regions_unexplored:maple_planks":2,"ancient_elements:lead_ore":13,"minecraft:deepslate_diamond_ore":4,"regions_unexplored:maple_log":25,"minecraft:glow_lichen":1,"gravestone:gravestone":7,"minecraft:granite":4,"regions_unexplored:birch_branch":1,"minecraft:large_fern":4,"regions_unexplored:stone_bud":3,"minecraft:furnace":1,"minecraft:iron_ore":29,"minecraft:cobbled_deepslate":1,"regions_unexplored:mossy_stone":1,"minecraft:andesite":4,"ancient_elements:tin_ore":19,"minecraft:deepslate_lapis_ore":1,"regions_unexplored:maple_stairs":1,"regions_unexplored:frozen_grass":2,"regions_unexplored:larch_leaves":18,"minecraft:dark_oak_stairs":2,"regions_unexplored:pine_leaves":5,"regions_unexplored:maple_leaf_pile":1,"minecraft:deepslate_iron_ore":11,"regions_unexplored:red_maple_leaves":1,"ancient_elements:palladium_ore":7,"minecraft:packed_ice":1,"regions_unexplored:medium_grass":257,"regions_unexplored:orange_maple_leaf_pile":5,"minecraft:stone":146,"regions_unexplored:silt_grass_block":8,"ancient_elements:steel_ore":1,"minecraft:deepslate_redstone_ore":2,"minecraft:glass_pane":4,"minecraft:powder_snow":5,"minecraft:crafting_table":3,"minecraft:cobbled_deepslate_wall":5,"minecraft:torch":11,"regions_unexplored:peat_grass_block":151,"minecraft:copper_ore":11,"minecraft:tall_grass":4,"ancient_elements:deepslate_tin_ore":6,"minecraft:cobblestone":3,"minecraft:deepslate_gold_ore":1,"minecraft:sugar_cane":1,"minecraft:iron_door":1,"minecraft:diorite":43,"minecraft:wall_torch":10,"minecraft:spruce_stairs":1,"minecraft:birch_planks":23,"minecraft:birch_log":32,"minecraft:wheat":75,"minecraft:birch_leaves":5,"regions_unexplored:red_maple_leaf_pile":2,"minecraft:grass":244,"minecraft:coal_ore":59,"regions_unexplored:peat_dirt":13,"minecraft:gravel":162,"minecraft:sand":76,"minecraft:dirt":20,"minecraft:cobweb":2,"minecraft:deepslate":128,"minecraft:oak_leaves":2,"regions_unexplored:larch_shrub":4},"minecraft:killed_by":{"mowziesmobs:naga":1,"minecraft:skeleton":2,"minecraft:zombie":2,"cave_dweller:cave_dweller":1},"minecraft:custom":{"minecraft:mob_kills":38,"minecraft:animals_bred":10,"minecraft:interact_with_crafting_table":55,"minecraft:interact_with_campfire":24,"minecraft:leave_game":5,"minecraft:time_since_death":14705,"minecraft:climb_one_cm":1066,"minecraft:sprint_one_cm":699232,"minecraft:walk_one_cm":1396183,"minecraft:drop":53,"minecraft:play_time":343996,"minecraft:sneak_time":11403,"minecraft:deaths":7,"minecraft:walk_under_water_one_cm":33355,"minecraft:boat_one_cm":35994,"minecraft:jump":3011,"minecraft:walk_on_water_one_cm":73705,"minecraft:total_world_time":343996,"minecraft:interact_with_furnace":27,"minecraft:interact_with_stonecutter":1,"minecraft:sleep_in_bed":12,"minecraft:time_since_rest":4885,"minecraft:damage_taken":4169,"minecraft:damage_dealt":5997,"minecraft:player_kills":1,"minecraft:swim_one_cm":39079,"minecraft:fly_one_cm":424545,"minecraft:open_chest":66,"minecraft:crouch_one_cm":34888,"minecraft:interact_with_smoker":1,"minecraft:fall_one_cm":52838},"minecraft:used":{"minecraft:stone_sword":78,"regions_unexplored:maple_door":1,"minecraft:flint_and_steel":15,"ancient_elements:palladium_hammer":123,"ancient_elements:lead_shovel":246,"minecraft:chest":3,"minecraft:iron_sword":106,"minecraft:stone":16,"securitycraft:keypad_door_item":5,"regions_unexplored:maple_planks":41,"minecraft:torch":101,"minecraft:dirt":2,"securitycraft:keypad_item":2,"regions_unexplored:larch_shrub":2,"minecraft:chainmail_chestplate":1,"minecraft:spruce_stairs":1,"ancient_elements:lead_hoe":96,"minecraft:bow":18,"minecraft:furnace":4,"minecraft:egg":2,"minecraft:cobbled_deepslate":24,"minecraft:cobbled_deepslate_wall":64,"minecraft:wheat_seeds":170,"minecraft:water_bucket":4,"minecraft:diorite":42,"securitycraft:door_indestructible_iron_item":1,"minecraft:birch_planks":110,"ancient_elements:palladium_sword":35,"minecraft:stone_pickaxe":205,"regions_unexplored:peat_dirt":106,"minecraft:wooden_pickaxe":20,"securitycraft:keypad_frame":2,"regions_unexplored:larch_boat":1,"minecraft:chainmail_helmet":1,"ancient_elements:iron_hammer":253,"useless_sword:valhalla_sword":4,"minecraft:sand":2,"minecraft:crafting_table":4,"securitycraft:universal_block_remover":26,"minecraft:cobbled_deepslate_stairs":3,"minecraft:apple":1,"minecraft:birch_fence_gate":2,"minecraft:bread":40,"minecraft:gravel":24,"minecraft:iron_door":1,"minecraft:stone_axe":62,"regions_unexplored:maple_stairs":4,"minecraft:cobblestone":196,"minecraft:cobbled_deepslate_slab":77,"minecraft:chainmail_boots":1,"minecraft:cooked_porkchop":12,"minecraft:cooked_rabbit":1,"minecraft:bucket":4,"minecraft:glass_pane":18,"securitycraft:reinforced_fence_gate":1,"minecraft:chainmail_leggings":1,"regions_unexplored:silt_dirt":7},"minecraft:dropped":{"minecraft:iron_sword":1,"minecraft:wheat_seeds":4,"minecraft:mossy_cobblestone":1,"minecraft:diamond":1,"minecraft:cobblestone":307,"minecraft:apple":1,"minecraft:granite":38,"minecraft:stick":11,"minecraft:torch":1,"gravestone:obituary":4,"minecraft:chainmail_leggings":1,"minecraft:string":12,"minecraft:white_wool":2,"minecraft:gravel":7,"minecraft:cobbled_deepslate":87,"minecraft:tuff":61,"minecraft:birch_sapling":2,"minecraft:rotten_flesh":8,"regions_unexplored:larch_sapling":1,"minecraft:chainmail_chestplate":1,"minecraft:rabbit_hide":1,"regions_unexplored:peat_dirt":8,"regions_unexplored:maple_stairs":1,"minecraft:andesite":19,"minecraft:arrow":2,"minecraft:stone_pickaxe":2,"minecraft:egg":1}},"DataVersion":3465}