{"stats":{"minecraft:custom":{"minecraft:animals_bred":10,"minecraft:interact_with_crafting_table":85,"minecraft:open_barrel":10,"minecraft:eat_cake_slice":2,"minecraft:leave_game":7,"minecraft:time_since_death":32424,"minecraft:sprint_one_cm":1257688,"minecraft:damage_blocked_by_shield":304,"minecraft:drop":118,"minecraft:play_time":615446,"minecraft:deaths":14,"minecraft:jump":5435,"minecraft:walk_on_water_one_cm":126064,"minecraft:interact_with_furnace":50,"minecraft:interact_with_loom":2,"minecraft:sleep_in_bed":20,"minecraft:damage_dealt":10931,"minecraft:player_kills":2,"minecraft:crouch_one_cm":46123,"minecraft:interact_with_smoker":1,"minecraft:mob_kills":67,"minecraft:interact_with_campfire":24,"minecraft:climb_one_cm":19755,"minecraft:walk_one_cm":2393243,"minecraft:sneak_time":14750,"minecraft:walk_under_water_one_cm":45302,"minecraft:boat_one_cm":35994,"minecraft:interact_with_blast_furnace":1,"minecraft:total_world_time":615446,"minecraft:interact_with_grindstone":1,"minecraft:interact_with_stonecutter":8,"minecraft:time_since_rest":13917,"minecraft:damage_taken":8403,"minecraft:swim_one_cm":54309,"minecraft:fly_one_cm":996588,"minecraft:open_chest":185,"minecraft:fall_one_cm":88982},"minecraft:killed_by":{"mowziesmobs:naga":1,"minecraft:zombie":3,"minecraft:player":2,"mowziesmobs:ferrous_wroughtnaut":3,"minecraft:skeleton":2,"cave_dweller:cave_dweller":1},"minecraft:killed":{"creeperoverhaul:beach_creeper":1,"minecraft:spider":5,"minecraft:skeleton":10,"minecraft:pig":9,"mutantmonsters:mutant_skeleton":1,"minecraft:sheep":2,"minecraft:zombie":10,"minecraft:stray":3,"minecraft:cow":6,"mca:male_zombie_villager":1,"creeperoverhaul:snowy_creeper":2,"mowziesmobs:ferrous_wroughtnaut":1,"minecraft:rabbit":1,"minecraft:enderman":1},"minecraft:broken":{"ancient_elements:lead_shovel":1,"minecraft:chainmail_boots":1,"cannibal:bone_mask":1,"ancient_elements:iron_hammer":1},"minecraft:mined":{"minecraft:dark_oak_planks":2,"regions_unexplored:golden_larch_leaves":2,"minecraft:white_bed":4,"regions_unexplored:maple_planks":2,"regions_unexplored:maple_log":25,"minecraft:jungle_leaves":1,"regions_unexplored:larch_planks":23,"minecraft:granite":6,"regions_unexplored:white_trillium":12,"minecraft:polished_blackstone_pressure_plate":1,"minecraft:oxeye_daisy":6,"regions_unexplored:birch_branch":1,"regions_unexplored:stone_bud":3,"minecraft:glowstone":1,"minecraft:iron_ore":29,"minecraft:cobbled_deepslate":1,"regions_unexplored:mossy_stone":1,"minecraft:black_carpet":3,"ancient_elements:tin_ore":22,"regions_unexplored:maple_stairs":1,"minecraft:deepslate_lapis_ore":5,"minecraft:azure_bluet":3,"minecraft:dark_oak_stairs":2,"regions_unexplored:pine_leaves":5,"minecraft:cave_vines":1,"regions_unexplored:maple_leaf_pile":1,"regions_unexplored:larch_log":77,"regions_unexplored:silt_grass_block":8,"minecraft:deepslate_redstone_ore":9,"minecraft:smoker":1,"minecraft:soul_lantern":6,"minecraft:powder_snow":5,"minecraft:torch":12,"minecraft:blast_furnace":1,"regions_unexplored:peat_grass_block":158,"minecraft:polished_diorite_slab":1,"ancient_elements:deepslate_tin_ore":6,"minecraft:cobblestone":17,"minecraft:sugar_cane":2,"minecraft:iron_door":2,"minecraft:wall_torch":15,"minecraft:deepslate_copper_ore":4,"minecraft:birch_log":32,"minecraft:wheat":75,"minecraft:grass":244,"regions_unexplored:peat_dirt":18,"minecraft:loom":1,"minecraft:sand":77,"minecraft:dirt":49,"minecraft:oak_leaves":2,"minecraft:deepslate":128,"minecraft:deepslate_tiles":7,"minecraft:tuff":26,"ancient_elements:lead_ore":13,"minecraft:deepslate_diamond_ore":4,"minecraft:stripped_birch_log":1,"minecraft:dark_oak_log":2,"minecraft:glow_lichen":1,"gravestone:gravestone":14,"minecraft:ladder":1,"minecraft:spruce_fence":1,"minecraft:large_fern":4,"minecraft:furnace":1,"minecraft:andesite":5,"regions_unexplored:frozen_grass":2,"regions_unexplored:larch_leaves":19,"minecraft:deepslate_iron_ore":13,"regions_unexplored:red_maple_leaves":1,"ancient_elements:palladium_ore":7,"minecraft:lantern":13,"minecraft:packed_ice":2,"regions_unexplored:medium_grass":258,"regions_unexplored:orange_maple_leaf_pile":5,"minecraft:stone":284,"regions_unexplored:felicia_daisy":7,"ancient_elements:steel_ore":1,"minecraft:glass_pane":4,"minecraft:crafting_table":3,"minecraft:cobbled_deepslate_wall":5,"minecraft:tall_grass":4,"minecraft:copper_ore":12,"minecraft:deepslate_coal_ore":7,"minecraft:deepslate_gold_ore":3,"minecraft:diorite":87,"minecraft:blue_bed":7,"minecraft:spruce_stairs":1,"minecraft:birch_planks":23,"minecraft:spruce_log":1,"minecraft:birch_leaves":5,"regions_unexplored:red_maple_leaf_pile":2,"minecraft:coal_ore":59,"minecraft:gravel":206,"minecraft:cobweb":2,"minecraft:spruce_fence_gate":2,"minecraft:deepslate_emerald_ore":1,"regions_unexplored:larch_shrub":4},"minecraft:dropped":{"minecraft:iron_sword":2,"minecraft:lapis_lazuli":6,"minecraft:diamond":1,"useless_sword:turtle_sword":1,"minecraft:leather":1,"minecraft:dirt":14,"ancient_elements:palladium_sword":1,"securitycraft:reinforced_deepslate_tiles":5,"gravestone:obituary":9,"minecraft:white_wool":2,"minecraft:blue_bed":1,"minecraft:bone":2,"minecraft:gravel":115,"minecraft:cobbled_deepslate":125,"minecraft:birch_sapling":2,"minecraft:wheat":2,"minecraft:rotten_flesh":12,"regions_unexplored:larch_sapling":1,"minecraft:golden_shovel":1,"ancient_elements:raw_tin":3,"minecraft:chainmail_chestplate":1,"minecraft:rabbit_hide":1,"regions_unexplored:peat_dirt":8,"minecraft:ladder":2,"minecraft:arrow":2,"minecraft:egg":7,"minecraft:wheat_seeds":6,"minecraft:mossy_cobblestone":1,"minecraft:cobblestone":641,"minecraft:apple":1,"minecraft:granite":39,"mowziesmobs:wrought_axe":1,"minecraft:stick":11,"minecraft:diorite":108,"minecraft:torch":1,"minecraft:rabbit":1,"minecraft:iron_leggings":1,"minecraft:chainmail_leggings":1,"minecraft:string":12,"minecraft:polished_diorite":3,"minecraft:dark_oak_sign":1,"minecraft:tuff":61,"minecraft:iron_boots":1,"minecraft:blast_furnace":2,"regions_unexplored:maple_stairs":1,"minecraft:andesite":25,"minecraft:stone_pickaxe":2},"minecraft:picked_up":{"minecraft:wheat":74,"regions_unexplored:larch_planks":23,"regions_unexplored:silt_dirt":7,"securitycraft:reinforced_birch_fence_gate":1,"regions_unexplored:maple_planks":2,"ancient_elements:raw_palladium":22,"minecraft:stray_spawn_egg":1,"cannibal:bone_mask":1,"minecraft:string":18,"minecraft:raw_copper":107,"minecraft:experience_bottle":2,"minecraft:deepslate_tiles":7,"minecraft:cobbled_deepslate":395,"regions_unexplored:larch_log":76,"minecraft:iron_pickaxe":1,"minecraft:iron_boots":1,"minecraft:furnace":1,"minecraft:tipped_arrow":9,"minecraft:stick":17,"minecraft:torch":34,"minecraft:spruce_stairs":1,"minecraft:porkchop":16,"minecraft:diorite":239,"minecraft:stone_sword":1,"minecraft:rotten_flesh":13,"minecraft:cow_spawn_egg":1,"securitycraft:reinforced_cobbled_deepslate":1,"minecraft:iron_bars":1,"minecraft:cobblestone":965,"minecraft:rabbit_spawn_egg":1,"minecraft:birch_log":32,"minecraft:iron_door":3,"minecraft:andesite":28,"minecraft:smoker":1,"ancient_elements:raw_lead":18,"minecraft:flint":22,"minecraft:tuff":61,"minecraft:lapis_lazuli":88,"minecraft:dirt":54,"minecraft:lantern":14,"minecraft:bone":12,"minecraft:bow":2,"minecraft:cobbled_deepslate_wall":5,"minecraft:wheat_seeds":242,"minecraft:raw_gold":14,"regions_unexplored:maple_stairs":1,"minecraft:dark_oak_sign":1,"regions_unexplored:larch_shrub":2,"minecraft:rabbit":2,"minecraft:cooked_porkchop":12,"minecraft:sand":76,"minecraft:loom":1,"securitycraft:reinforced_stone":16,"minecraft:dark_oak_log":2,"minecraft:mossy_cobblestone":3,"minecraft:diamond":8,"minecraft:soul_lantern":6,"minecraft:granite":42,"minecraft:bread":63,"minecraft:emerald":13,"minecraft:crafting_table":3,"minecraft:azure_bluet":3,"minecraft:ladder":3,"minecraft:cooked_rabbit":1,"regions_unexplored:white_trillium":12,"gravestone:obituary":4,"regions_unexplored:red_maple_leaf_pile":2,"minecraft:flint_and_steel":1,"minecraft:item_frame":1,"minecraft:beef":7,"minecraft:sugar_cane":14,"minecraft:birch_sapling":2,"minecraft:egg":18,"minecraft:raw_iron":97,"ancient_elements:raw_steel":3,"minecraft:spruce_fence":1,"ancient_elements:raw_tin":39,"securitycraft:reinforced_deepslate_tiles":10,"minecraft:redstone":72,"minecraft:arrow":22,"ancient_elements:palladium_sword":1,"regions_unexplored:felicia_daisy":7,"minecraft:gold_ingot":6,"minecraft:mutton":9,"securitycraft:keypad_door_item":4,"minecraft:white_wool":5,"minecraft:oxeye_daisy":6,"regions_unexplored:peat_dirt":162,"minecraft:leather":10,"minecraft:birch_planks":24,"regions_unexplored:red_maple_sapling":1,"mowziesmobs:wrought_axe":1,"minecraft:blue_bed":7,"minecraft:apple":2,"minecraft:rabbit_hide":1,"minecraft:stone_pickaxe":1,"minecraft:iron_ingot":3,"regions_unexplored:larch_sapling":1,"minecraft:iron_sword":2,"regions_unexplored:orange_maple_leaf_pile":15,"minecraft:gravel":275,"mowziesmobs:wrought_helmet":1,"minecraft:blast_furnace":3,"minecraft:white_bed":4,"minecraft:spider_eye":1,"minecraft:polished_diorite":3,"minecraft:painting":4,"regions_unexplored:maple_log":24,"minecraft:gray_wool":2,"securitycraft:keypad":1,"securitycraft:door_indestructible_iron_item":1,"minecraft:black_wool":1,"regions_unexplored:larch_boat":1,"minecraft:coal":117},"minecraft:crafted":{"minecraft:smooth_stone":5,"securitycraft:reinforced_fence_gate":1,"regions_unexplored:maple_planks":96,"spartanshields:wooden_tower_shield":1,"regions_unexplored:larch_planks":304,"minecraft:stone":24,"regions_unexplored:maple_stairs":4,"securitycraft:keypad_item":2,"minecraft:heavy_weighted_pressure_plate":2,"securitycraft:laser_block":1,"minecraft:glass":25,"minecraft:iron_boots":1,"minecraft:birch_fence_gate":2,"ancient_elements:palladium_hammer":1,"minecraft:chest":4,"minecraft:iron_door":3,"regions_unexplored:maple_door":3,"securitycraft:keypad_door_item":1,"minecraft:crafting_table":4,"securitycraft:reinforced_stone_button":16,"minecraft:wooden_pickaxe":1,"travelersbackpack:standard":1,"minecraft:cobbled_deepslate_wall":102,"minecraft:copper_ingot":21,"travelersbackpack:blue_sleeping_bag":1,"minecraft:birch_planks":128,"minecraft:iron_chestplate":1,"minecraft:stick":80,"minecraft:iron_ingot":80,"minecraft:iron_pickaxe":1,"minecraft:gold_ingot":3,"minecraft:shears":2,"securitycraft:universal_block_reinforcer_lvl1":1,"minecraft:cobbled_deepslate_slab":84,"minecraft:stone_shovel":1,"minecraft:furnace":3,"regions_unexplored:larch_pressure_plate":4,"mca:bouquet":5,"ancient_elements:lead_hoe":1,"securitycraft:keypad_frame":2,"spartanshields:stone_tower_shield":1,"minecraft:glass_pane":32,"ancient_elements:palladium_leggings":1,"minecraft:iron_axe":1,"ancient_elements:palladium_sword":1,"minecraft:ladder":9,"securitycraft:universal_block_remover":1,"minecraft:stone_pickaxe":2,"minecraft:cobbled_deepslate_stairs":16,"minecraft:redstone_block":1,"mca:engagement_ring":1,"travelersbackpack:backpack_tank":2,"ancient_elements:lead_shovel":1,"minecraft:bucket":1,"minecraft:stone_axe":1,"minecraft:bread":3,"minecraft:air":0,"minecraft:blue_dye":2,"securitycraft:door_indestructible_iron_item":1,"ancient_elements:lead_ingot":22,"ancient_elements:palladium_ingot":22,"minecraft:blue_wool":2,"ancient_elements:iron_hammer":1,"minecraft:stonecutter":1,"minecraft:torch":128,"ancient_elements:palladium_chestplate":1},"minecraft:used":{"regions_unexplored:maple_door":1,"minecraft:ladder":8,"ancient_elements:lead_shovel":246,"minecraft:chest":3,"minecraft:stone":16,"minecraft:iron_sword":106,"securitycraft:keypad_item":2,"securitycraft:reinforced_deepslate_tiles":5,"minecraft:bow":19,"minecraft:furnace":4,"minecraft:egg":2,"minecraft:diorite":45,"securitycraft:door_indestructible_iron_item":1,"minecraft:stone_pickaxe":205,"minecraft:wooden_pickaxe":20,"securitycraft:keypad_frame":2,"minecraft:chainmail_helmet":1,"minecraft:blue_bed":6,"minecraft:sand":2,"minecraft:loom":1,"useless_sword:valhalla_sword":142,"securitycraft:universal_block_remover":31,"spartanshields:stone_tower_shield":8,"minecraft:cobbled_deepslate_stairs":3,"minecraft:deepslate_tiles":152,"minecraft:birch_fence_gate":2,"minecraft:bread":102,"minecraft:iron_door":5,"minecraft:gravel":24,"regions_unexplored:larch_pressure_plate":4,"regions_unexplored:maple_stairs":4,"minecraft:chainmail_boots":1,"minecraft:cooked_rabbit":1,"securitycraft:reinforced_fence_gate":1,"minecraft:experience_bottle":1,"minecraft:stone_sword":78,"minecraft:flint_and_steel":15,"ancient_elements:palladium_hammer":223,"minecraft:stone_shovel":33,"securitycraft:keypad_door_item":5,"regions_unexplored:maple_planks":41,"minecraft:torch":114,"minecraft:dirt":2,"regions_unexplored:larch_shrub":2,"minecraft:chainmail_chestplate":1,"minecraft:spruce_stairs":1,"ancient_elements:lead_hoe":96,"minecraft:iron_axe":112,"regions_unexplored:larch_planks":273,"minecraft:cobbled_deepslate":87,"minecraft:cobbled_deepslate_wall":64,"minecraft:wheat_seeds":170,"minecraft:water_bucket":4,"minecraft:birch_planks":121,"ancient_elements:palladium_sword":36,"regions_unexplored:peat_dirt":106,"regions_unexplored:larch_boat":1,"minecraft:stonecutter":1,"ancient_elements:iron_hammer":253,"minecraft:crafting_table":7,"minecraft:white_bed":4,"minecraft:painting":4,"minecraft:apple":1,"minecraft:iron_pickaxe":171,"minecraft:stone_axe":62,"minecraft:cobblestone":208,"travelersbackpack:standard":1,"minecraft:cobbled_deepslate_slab":77,"minecraft:cooked_porkchop":12,"minecraft:bucket":4,"minecraft:glass_pane":18,"minecraft:chainmail_leggings":1,"regions_unexplored:silt_dirt":7}},"DataVersion":3465}