{"stats":{"minecraft:picked_up":{"minecraft:stick":10,"minecraft:crafting_table":1,"minecraft:leather":8,"regions_unexplored:silt_dirt":7,"minecraft:spruce_stairs":1,"minecraft:porkchop":5,"regions_unexplored:maple_planks":1,"regions_unexplored:red_maple_sapling":1,"regions_unexplored:red_maple_leaf_pile":2,"minecraft:item_frame":1,"minecraft:stone_sword":1,"minecraft:apple":1,"minecraft:bow":1,"minecraft:beef":6,"regions_unexplored:maple_log":24,"minecraft:bread":6,"regions_unexplored:orange_maple_leaf_pile":13,"minecraft:mutton":1,"minecraft:iron_sword":1,"minecraft:white_wool":1,"minecraft:cobblestone":19},"minecraft:mined":{"minecraft:spruce_stairs":1,"regions_unexplored:maple_planks":1,"regions_unexplored:maple_log":25,"regions_unexplored:red_maple_leaf_pile":2,"minecraft:crafting_table":1,"minecraft:grass":3,"regions_unexplored:maple_leaf_pile":1,"regions_unexplored:red_maple_leaves":1,"regions_unexplored:medium_grass":3,"regions_unexplored:orange_maple_leaf_pile":5,"minecraft:stone":19,"regions_unexplored:silt_grass_block":8},"minecraft:crafted":{"minecraft:crafting_table":1,"regions_unexplored:maple_planks":92,"minecraft:wooden_pickaxe":1},"minecraft:used":{"regions_unexplored:silt_dirt":2,"minecraft:stone_sword":37,"minecraft:bread":5,"minecraft:wooden_pickaxe":20,"minecraft:chainmail_helmet":1,"regions_unexplored:maple_planks":34,"minecraft:crafting_table":1,"minecraft:chainmail_boots":1,"minecraft:spruce_stairs":1,"minecraft:chainmail_chestplate":1,"minecraft:chainmail_leggings":1},"minecraft:custom":{"minecraft:time_since_rest":26494,"minecraft:sprint_one_cm":53754,"minecraft:damage_taken":98,"minecraft:walk_one_cm":80319,"minecraft:mob_kills":9,"minecraft:damage_dealt":914,"minecraft:interact_with_crafting_table":1,"minecraft:fly_one_cm":34773,"minecraft:crouch_one_cm":2078,"minecraft:play_time":26494,"minecraft:sneak_time":902,"minecraft:jump":359,"minecraft:time_since_death":26494,"minecraft:total_world_time":26494,"minecraft:fall_one_cm":4973},"minecraft:killed":{"minecraft:sheep":1,"minecraft:pig":3,"minecraft:cow":5}},"DataVersion":3465}