{"stats":{"minecraft:picked_up":{"minecraft:stick":10,"minecraft:crafting_table":2,"minecraft:leather":8,"regions_unexplored:silt_dirt":7,"minecraft:spruce_stairs":1,"minecraft:porkchop":7,"regions_unexplored:maple_planks":2,"regions_unexplored:red_maple_sapling":1,"regions_unexplored:red_maple_leaf_pile":2,"minecraft:raw_copper":21,"minecraft:item_frame":1,"minecraft:stone_sword":1,"minecraft:rotten_flesh":3,"minecraft:apple":1,"minecraft:bow":1,"minecraft:iron_ingot":1,"regions_unexplored:maple_stairs":1,"minecraft:beef":6,"regions_unexplored:maple_log":24,"minecraft:bread":6,"minecraft:coal":8,"regions_unexplored:orange_maple_leaf_pile":15,"minecraft:mutton":1,"minecraft:iron_sword":1,"minecraft:white_wool":1,"minecraft:cobblestone":19},"minecraft:mined":{"minecraft:spruce_stairs":1,"regions_unexplored:maple_planks":2,"regions_unexplored:maple_log":25,"regions_unexplored:maple_stairs":1,"regions_unexplored:red_maple_leaf_pile":2,"minecraft:crafting_table":2,"minecraft:grass":5,"minecraft:coal_ore":8,"regions_unexplored:maple_leaf_pile":1,"regions_unexplored:red_maple_leaves":1,"minecraft:copper_ore":6,"regions_unexplored:medium_grass":3,"regions_unexplored:orange_maple_leaf_pile":5,"minecraft:stone":19,"regions_unexplored:silt_grass_block":8},"minecraft:crafted":{"minecraft:crafting_table":1,"regions_unexplored:maple_planks":92,"minecraft:wooden_pickaxe":1,"minecraft:stone_pickaxe":2,"regions_unexplored:maple_door":3,"regions_unexplored:maple_stairs":4},"minecraft:used":{"regions_unexplored:silt_dirt":2,"minecraft:stone_sword":51,"regions_unexplored:maple_door":1,"minecraft:stone_pickaxe":15,"minecraft:bread":5,"minecraft:wooden_pickaxe":20,"minecraft:iron_sword":4,"minecraft:chainmail_helmet":1,"regions_unexplored:maple_stairs":4,"regions_unexplored:maple_planks":41,"minecraft:crafting_table":2,"minecraft:chainmail_boots":1,"minecraft:spruce_stairs":1,"minecraft:chainmail_chestplate":1,"minecraft:chainmail_leggings":1},"minecraft:custom":{"minecraft:time_since_rest":38494,"minecraft:sprint_one_cm":55820,"minecraft:damage_taken":148,"minecraft:walk_one_cm":149506,"minecraft:mob_kills":14,"minecraft:damage_dealt":1602,"minecraft:interact_with_crafting_table":4,"minecraft:fly_one_cm":35041,"minecraft:crouch_one_cm":3730,"minecraft:play_time":38494,"minecraft:sneak_time":1849,"minecraft:jump":383,"minecraft:time_since_death":38494,"minecraft:total_world_time":38494,"minecraft:fall_one_cm":7707},"minecraft:killed":{"minecraft:sheep":1,"minecraft:zombie":3,"minecraft:pig":4,"mca:male_zombie_villager":1,"minecraft:cow":5}},"DataVersion":3465}