{"stats":{"minecraft:custom":{"minecraft:animals_bred":10,"minecraft:interact_with_crafting_table":74,"minecraft:eat_cake_slice":2,"minecraft:leave_game":7,"minecraft:time_since_death":26274,"minecraft:sprint_one_cm":1113474,"minecraft:drop":111,"minecraft:play_time":567446,"minecraft:deaths":10,"minecraft:jump":4865,"minecraft:walk_on_water_one_cm":101540,"minecraft:interact_with_furnace":30,"minecraft:sleep_in_bed":18,"minecraft:damage_dealt":9659,"minecraft:player_kills":2,"minecraft:crouch_one_cm":43907,"minecraft:interact_with_smoker":1,"minecraft:mob_kills":54,"minecraft:interact_with_campfire":24,"minecraft:climb_one_cm":17326,"minecraft:walk_one_cm":2201762,"minecraft:sneak_time":13870,"minecraft:walk_under_water_one_cm":41750,"minecraft:boat_one_cm":35994,"minecraft:total_world_time":567446,"minecraft:interact_with_stonecutter":7,"minecraft:time_since_rest":27102,"minecraft:damage_taken":6730,"minecraft:swim_one_cm":53329,"minecraft:fly_one_cm":898487,"minecraft:open_chest":138,"minecraft:fall_one_cm":78899},"minecraft:killed_by":{"mowziesmobs:naga":1,"minecraft:zombie":3,"minecraft:player":1,"minecraft:skeleton":2,"cave_dweller:cave_dweller":1},"minecraft:killed":{"creeperoverhaul:beach_creeper":1,"minecraft:spider":5,"minecraft:skeleton":9,"minecraft:pig":8,"mutantmonsters:mutant_skeleton":1,"minecraft:sheep":1,"minecraft:zombie":10,"minecraft:stray":3,"minecraft:cow":5,"mca:male_zombie_villager":1,"creeperoverhaul:snowy_creeper":2,"minecraft:rabbit":1,"minecraft:enderman":1},"minecraft:broken":{"ancient_elements:lead_shovel":1,"minecraft:chainmail_boots":1,"ancient_elements:iron_hammer":1},"minecraft:mined":{"minecraft:dark_oak_planks":2,"regions_unexplored:golden_larch_leaves":2,"minecraft:white_bed":4,"regions_unexplored:maple_planks":2,"regions_unexplored:maple_log":25,"regions_unexplored:larch_planks":23,"minecraft:granite":6,"regions_unexplored:white_trillium":12,"minecraft:oxeye_daisy":6,"regions_unexplored:birch_branch":1,"regions_unexplored:stone_bud":3,"minecraft:iron_ore":29,"minecraft:cobbled_deepslate":1,"regions_unexplored:mossy_stone":1,"ancient_elements:tin_ore":22,"regions_unexplored:maple_stairs":1,"minecraft:deepslate_lapis_ore":1,"minecraft:azure_bluet":3,"minecraft:dark_oak_stairs":2,"regions_unexplored:pine_leaves":5,"regions_unexplored:maple_leaf_pile":1,"regions_unexplored:larch_log":77,"regions_unexplored:silt_grass_block":8,"minecraft:deepslate_redstone_ore":2,"minecraft:powder_snow":5,"minecraft:torch":11,"regions_unexplored:peat_grass_block":158,"minecraft:polished_diorite_slab":1,"ancient_elements:deepslate_tin_ore":6,"minecraft:cobblestone":12,"minecraft:sugar_cane":2,"minecraft:iron_door":2,"minecraft:wall_torch":15,"minecraft:birch_log":32,"minecraft:wheat":75,"minecraft:grass":244,"regions_unexplored:peat_dirt":18,"minecraft:sand":77,"minecraft:dirt":49,"minecraft:oak_leaves":2,"minecraft:deepslate":128,"minecraft:deepslate_tiles":7,"minecraft:tuff":26,"ancient_elements:lead_ore":13,"minecraft:deepslate_diamond_ore":4,"minecraft:glow_lichen":1,"gravestone:gravestone":10,"minecraft:ladder":1,"minecraft:large_fern":4,"minecraft:furnace":1,"minecraft:andesite":5,"regions_unexplored:frozen_grass":2,"regions_unexplored:larch_leaves":19,"minecraft:deepslate_iron_ore":11,"regions_unexplored:red_maple_leaves":1,"ancient_elements:palladium_ore":7,"minecraft:packed_ice":2,"regions_unexplored:medium_grass":258,"regions_unexplored:orange_maple_leaf_pile":5,"minecraft:stone":262,"regions_unexplored:felicia_daisy":7,"ancient_elements:steel_ore":1,"minecraft:glass_pane":4,"minecraft:crafting_table":3,"minecraft:cobbled_deepslate_wall":5,"minecraft:tall_grass":4,"minecraft:copper_ore":12,"minecraft:deepslate_gold_ore":1,"minecraft:diorite":87,"minecraft:blue_bed":7,"minecraft:spruce_stairs":1,"minecraft:birch_planks":23,"minecraft:spruce_log":1,"minecraft:birch_leaves":5,"regions_unexplored:red_maple_leaf_pile":2,"minecraft:coal_ore":59,"minecraft:gravel":206,"minecraft:cobweb":2,"minecraft:spruce_fence_gate":2,"regions_unexplored:larch_shrub":4},"minecraft:dropped":{"minecraft:iron_sword":2,"minecraft:diamond":1,"useless_sword:turtle_sword":1,"minecraft:leather":1,"minecraft:dirt":14,"securitycraft:reinforced_deepslate_tiles":5,"gravestone:obituary":9,"minecraft:white_wool":2,"minecraft:blue_bed":1,"minecraft:bone":2,"minecraft:gravel":115,"minecraft:cobbled_deepslate":125,"minecraft:birch_sapling":2,"minecraft:wheat":2,"minecraft:rotten_flesh":12,"regions_unexplored:larch_sapling":1,"minecraft:golden_shovel":1,"ancient_elements:raw_tin":3,"minecraft:chainmail_chestplate":1,"minecraft:rabbit_hide":1,"regions_unexplored:peat_dirt":8,"minecraft:ladder":2,"minecraft:arrow":2,"minecraft:egg":7,"minecraft:wheat_seeds":6,"minecraft:mossy_cobblestone":1,"minecraft:cobblestone":580,"minecraft:apple":1,"minecraft:granite":39,"minecraft:stick":11,"minecraft:diorite":108,"minecraft:torch":1,"minecraft:rabbit":1,"minecraft:iron_leggings":1,"minecraft:chainmail_leggings":1,"minecraft:string":12,"minecraft:polished_diorite":3,"minecraft:tuff":61,"minecraft:iron_boots":1,"regions_unexplored:maple_stairs":1,"minecraft:andesite":25,"minecraft:stone_pickaxe":2},"minecraft:picked_up":{"minecraft:wheat":74,"regions_unexplored:larch_planks":23,"regions_unexplored:silt_dirt":7,"securitycraft:reinforced_birch_fence_gate":1,"regions_unexplored:maple_planks":2,"ancient_elements:raw_palladium":22,"minecraft:stray_spawn_egg":1,"cannibal:bone_mask":1,"minecraft:string":18,"minecraft:raw_copper":47,"minecraft:experience_bottle":2,"minecraft:deepslate_tiles":7,"minecraft:cobbled_deepslate":395,"regions_unexplored:larch_log":76,"minecraft:iron_boots":1,"minecraft:furnace":1,"minecraft:tipped_arrow":9,"minecraft:stick":17,"minecraft:torch":33,"minecraft:spruce_stairs":1,"minecraft:porkchop":16,"minecraft:diorite":239,"minecraft:stone_sword":1,"minecraft:rotten_flesh":13,"securitycraft:reinforced_cobbled_deepslate":1,"minecraft:cobblestone":841,"minecraft:rabbit_spawn_egg":1,"minecraft:birch_log":32,"minecraft:iron_door":3,"minecraft:andesite":26,"ancient_elements:raw_lead":18,"minecraft:flint":22,"minecraft:tuff":61,"minecraft:lapis_lazuli":18,"minecraft:dirt":54,"minecraft:lantern":1,"minecraft:bone":12,"minecraft:bow":2,"minecraft:cobbled_deepslate_wall":5,"minecraft:wheat_seeds":242,"minecraft:raw_gold":3,"regions_unexplored:maple_stairs":1,"regions_unexplored:larch_shrub":2,"minecraft:rabbit":2,"minecraft:cooked_porkchop":12,"minecraft:sand":76,"securitycraft:reinforced_stone":16,"minecraft:mossy_cobblestone":3,"minecraft:diamond":8,"minecraft:granite":42,"minecraft:bread":62,"minecraft:emerald":10,"minecraft:crafting_table":3,"minecraft:azure_bluet":3,"minecraft:ladder":3,"minecraft:cooked_rabbit":1,"regions_unexplored:white_trillium":12,"gravestone:obituary":4,"regions_unexplored:red_maple_leaf_pile":2,"minecraft:flint_and_steel":1,"minecraft:item_frame":1,"minecraft:beef":6,"minecraft:sugar_cane":14,"minecraft:birch_sapling":2,"minecraft:egg":18,"minecraft:raw_iron":85,"ancient_elements:raw_steel":3,"ancient_elements:raw_tin":39,"securitycraft:reinforced_deepslate_tiles":10,"minecraft:redstone":35,"minecraft:arrow":22,"regions_unexplored:felicia_daisy":7,"minecraft:gold_ingot":6,"minecraft:mutton":2,"securitycraft:keypad_door_item":4,"minecraft:white_wool":2,"minecraft:oxeye_daisy":6,"regions_unexplored:peat_dirt":162,"minecraft:leather":8,"minecraft:birch_planks":24,"regions_unexplored:red_maple_sapling":1,"minecraft:blue_bed":7,"minecraft:apple":2,"minecraft:rabbit_hide":1,"minecraft:stone_pickaxe":1,"minecraft:iron_ingot":3,"regions_unexplored:larch_sapling":1,"minecraft:iron_sword":2,"regions_unexplored:orange_maple_leaf_pile":15,"minecraft:gravel":275,"minecraft:white_bed":4,"minecraft:spider_eye":1,"minecraft:polished_diorite":3,"minecraft:painting":4,"regions_unexplored:maple_log":24,"securitycraft:keypad":1,"securitycraft:door_indestructible_iron_item":1,"minecraft:black_wool":1,"regions_unexplored:larch_boat":1,"minecraft:coal":99},"minecraft:crafted":{"minecraft:smooth_stone":5,"securitycraft:reinforced_fence_gate":1,"regions_unexplored:maple_planks":96,"spartanshields:wooden_tower_shield":1,"regions_unexplored:larch_planks":304,"minecraft:stone":24,"regions_unexplored:maple_stairs":4,"securitycraft:keypad_item":2,"minecraft:heavy_weighted_pressure_plate":2,"securitycraft:laser_block":1,"minecraft:glass":15,"minecraft:iron_boots":1,"minecraft:birch_fence_gate":2,"ancient_elements:palladium_hammer":1,"minecraft:chest":3,"minecraft:iron_door":3,"regions_unexplored:maple_door":3,"securitycraft:keypad_door_item":1,"minecraft:crafting_table":2,"securitycraft:reinforced_stone_button":16,"minecraft:wooden_pickaxe":1,"minecraft:cobbled_deepslate_wall":102,"minecraft:birch_planks":128,"minecraft:iron_chestplate":1,"minecraft:stick":80,"minecraft:iron_ingot":59,"minecraft:iron_pickaxe":1,"minecraft:shears":1,"securitycraft:universal_block_reinforcer_lvl1":1,"minecraft:cobbled_deepslate_slab":84,"minecraft:stone_shovel":1,"minecraft:furnace":3,"regions_unexplored:larch_pressure_plate":4,"mca:bouquet":5,"ancient_elements:lead_hoe":1,"securitycraft:keypad_frame":2,"spartanshields:stone_tower_shield":1,"minecraft:glass_pane":32,"ancient_elements:palladium_leggings":1,"minecraft:iron_axe":1,"ancient_elements:palladium_sword":1,"minecraft:ladder":9,"securitycraft:universal_block_remover":1,"minecraft:stone_pickaxe":2,"minecraft:cobbled_deepslate_stairs":16,"minecraft:redstone_block":1,"mca:engagement_ring":1,"ancient_elements:lead_shovel":1,"minecraft:bucket":1,"minecraft:stone_axe":1,"minecraft:bread":3,"minecraft:air":0,"securitycraft:door_indestructible_iron_item":1,"ancient_elements:lead_ingot":22,"ancient_elements:palladium_ingot":22,"ancient_elements:iron_hammer":1,"minecraft:stonecutter":1,"minecraft:torch":128,"ancient_elements:palladium_chestplate":1},"minecraft:used":{"regions_unexplored:maple_door":1,"minecraft:ladder":8,"ancient_elements:lead_shovel":246,"minecraft:chest":3,"minecraft:stone":16,"minecraft:iron_sword":106,"securitycraft:keypad_item":2,"securitycraft:reinforced_deepslate_tiles":5,"minecraft:bow":18,"minecraft:furnace":4,"minecraft:egg":2,"minecraft:diorite":45,"securitycraft:door_indestructible_iron_item":1,"minecraft:stone_pickaxe":205,"minecraft:wooden_pickaxe":20,"securitycraft:keypad_frame":2,"minecraft:chainmail_helmet":1,"minecraft:blue_bed":6,"minecraft:sand":2,"useless_sword:valhalla_sword":120,"securitycraft:universal_block_remover":31,"minecraft:cobbled_deepslate_stairs":3,"minecraft:deepslate_tiles":152,"minecraft:birch_fence_gate":2,"minecraft:bread":87,"minecraft:iron_door":5,"minecraft:gravel":24,"regions_unexplored:larch_pressure_plate":4,"regions_unexplored:maple_stairs":4,"minecraft:chainmail_boots":1,"minecraft:cooked_rabbit":1,"securitycraft:reinforced_fence_gate":1,"minecraft:experience_bottle":1,"minecraft:stone_sword":78,"minecraft:flint_and_steel":15,"ancient_elements:palladium_hammer":175,"minecraft:stone_shovel":33,"securitycraft:keypad_door_item":5,"regions_unexplored:maple_planks":41,"minecraft:torch":112,"minecraft:dirt":2,"regions_unexplored:larch_shrub":2,"minecraft:chainmail_chestplate":1,"minecraft:spruce_stairs":1,"ancient_elements:lead_hoe":96,"minecraft:iron_axe":108,"regions_unexplored:larch_planks":273,"minecraft:cobbled_deepslate":87,"minecraft:cobbled_deepslate_wall":64,"minecraft:wheat_seeds":170,"minecraft:water_bucket":4,"minecraft:birch_planks":121,"ancient_elements:palladium_sword":36,"regions_unexplored:peat_dirt":106,"regions_unexplored:larch_boat":1,"minecraft:stonecutter":1,"ancient_elements:iron_hammer":253,"minecraft:crafting_table":5,"minecraft:white_bed":4,"minecraft:painting":4,"minecraft:apple":1,"minecraft:iron_pickaxe":136,"minecraft:stone_axe":62,"minecraft:cobblestone":198,"minecraft:cobbled_deepslate_slab":77,"minecraft:cooked_porkchop":12,"minecraft:bucket":4,"minecraft:glass_pane":18,"minecraft:chainmail_leggings":1,"regions_unexplored:silt_dirt":7}},"DataVersion":3465}