{"stats":{"minecraft:crafted":{"minecraft:stone_shovel":2,"minecraft:crafting_table":1,"minecraft:wooden_pickaxe":1,"regions_unexplored:mauve_planks":68,"minecraft:stick":8,"minecraft:wooden_axe":1},"minecraft:dropped":{"minecraft:moss_carpet":3,"regions_unexplored:fireweed":13,"minecraft:wheat_seeds":9,"regions_unexplored:hyssop":8,"regions_unexplored:daisy":6,"minecraft:poppy":1,"minecraft:red_bed":1,"mca:book_romance":1,"minecraft:melon_seeds":2,"gravestone:obituary":1,"regions_unexplored:mauve_sapling":2,"minecraft:egg":1},"minecraft:killed_by":{"ancient_elements:aetherial_glaze":1,"minecraft:player":1},"minecraft:killed":{"minecraft:pig":1},"minecraft:custom":{"minecraft:mob_kills":1,"minecraft:interact_with_crafting_table":2,"minecraft:open_barrel":3,"minecraft:leave_game":1,"minecraft:time_since_death":0,"minecraft:sleep_in_bed":1,"minecraft:climb_one_cm":940,"minecraft:time_since_rest":241,"minecraft:sprint_one_cm":72772,"minecraft:damage_taken":1180,"minecraft:walk_one_cm":296024,"minecraft:drop":13,"minecraft:damage_dealt":120,"minecraft:swim_one_cm":276,"minecraft:fly_one_cm":58111,"minecraft:open_chest":7,"minecraft:crouch_one_cm":12846,"minecraft:play_time":63798,"minecraft:deaths":3,"minecraft:sneak_time":4057,"minecraft:walk_under_water_one_cm":3974,"minecraft:jump":404,"minecraft:walk_on_water_one_cm":3571,"minecraft:total_world_time":63798,"minecraft:fall_one_cm":14748},"minecraft:used":{"minecraft:cooked_mutton":2,"minecraft:water_bucket":1,"minecraft:stone_shovel":108,"minecraft:chest":7,"minecraft:wooden_pickaxe":47,"minecraft:mossy_cobblestone":7,"minecraft:dirt":74,"minecraft:crafting_table":1,"minecraft:white_bed":1,"ancient_elements:stone_hammer":15,"minecraft:wooden_axe":35,"minecraft:lantern":1,"minecraft:bread":1,"minecraft:cobblestone":15,"minecraft:furnace":2,"minecraft:bucket":1,"minecraft:candle":11},"minecraft:mined":{"minecraft:blue_banner":1,"minecraft:white_bed":2,"minecraft:glass_pane":1,"minecraft:red_bed":1,"minecraft:candle":6,"gravestone:gravestone":2,"minecraft:ladder":2,"minecraft:grass_block":68,"minecraft:chest":7,"minecraft:stone_slab":5,"regions_unexplored:aster":1,"ancient_elements:cloud":1,"minecraft:cobblestone":2,"regions_unexplored:mauve_log":18,"regions_unexplored:daisy":4,"minecraft:oak_planks":6,"regions_unexplored:hyssop":4,"minecraft:furnace":2,"regions_unexplored:mossy_stone":13,"minecraft:andesite":6,"regions_unexplored:mauve_leaves":2,"minecraft:potted_poppy":1,"minecraft:grass":32,"minecraft:oak_stairs":13,"minecraft:lantern":1,"minecraft:dirt":16,"minecraft:stripped_oak_log":1,"regions_unexplored:medium_grass":3,"minecraft:stone":28,"regions_unexplored:fireweed":2},"minecraft:picked_up":{"minecraft:stripped_oak_log":1,"minecraft:wheat":2,"minecraft:andesite":48,"minecraft:flower_pot":1,"ancient_elements:cloud":1,"minecraft:stone_slab":5,"minecraft:oak_stairs":6,"gravestone:obituary":1,"minecraft:gunpowder":9,"mca:book_romance":1,"minecraft:moss_carpet":3,"minecraft:music_disc_cat":1,"minecraft:dirt":74,"minecraft:string":13,"minecraft:red_bed":1,"minecraft:lantern":1,"minecraft:raw_copper":10,"minecraft:cooked_mutton":2,"regions_unexplored:aster":1,"minecraft:bone":1,"ancient_elements:stone_hammer":1,"minecraft:wheat_seeds":9,"minecraft:candle":22,"minecraft:bucket":1,"minecraft:poppy":1,"minecraft:chest":7,"minecraft:oak_planks":4,"minecraft:egg":1,"minecraft:furnace":2,"minecraft:stick":2,"minecraft:porkchop":1,"minecraft:white_bed":2,"regions_unexplored:daisy":6,"minecraft:mossy_cobblestone":13,"regions_unexplored:hyssop":8,"regions_unexplored:mauve_sapling":2,"regions_unexplored:fireweed":13,"regions_unexplored:mauve_log":17,"minecraft:blue_banner":1,"minecraft:melon_seeds":2,"minecraft:coal":2,"minecraft:cobblestone":104}},"DataVersion":3465}