{"stats":{"minecraft:dropped":{"mca:book_romance":1},"minecraft:custom":{"minecraft:jump":6,"minecraft:time_since_rest":16071,"minecraft:crouch_one_cm":155,"minecraft:sprint_one_cm":7171,"minecraft:play_time":16071,"minecraft:damage_taken":30,"minecraft:time_since_death":16071,"minecraft:walk_one_cm":55225,"minecraft:sneak_time":38,"minecraft:total_world_time":16071,"minecraft:fall_one_cm":269,"minecraft:drop":1,"minecraft:fly_one_cm":390},"minecraft:picked_up":{"mca:book_romance":1}},"DataVersion":3465}