{"stats":{"minecraft:crafted":{"minecraft:stone_shovel":2,"regions_unexplored:mauve_planks":68,"minecraft:crafting_table":1,"minecraft:stick":8,"minecraft:wooden_pickaxe":1,"minecraft:wooden_axe":1},"minecraft:dropped":{"minecraft:poppy":1,"regions_unexplored:fireweed":13,"mca:book_romance":1,"regions_unexplored:hyssop":8,"regions_unexplored:mauve_sapling":2,"regions_unexplored:daisy":6,"minecraft:egg":1},"minecraft:killed":{"minecraft:pig":1},"minecraft:used":{"minecraft:cooked_mutton":2,"minecraft:wooden_axe":29,"minecraft:stone_shovel":93,"minecraft:wooden_pickaxe":32,"minecraft:mossy_cobblestone":2,"minecraft:crafting_table":1},"minecraft:custom":{"minecraft:time_since_rest":40071,"minecraft:sprint_one_cm":32615,"minecraft:damage_taken":60,"minecraft:walk_one_cm":201242,"minecraft:mob_kills":1,"minecraft:drop":7,"minecraft:damage_dealt":120,"minecraft:interact_with_crafting_table":2,"minecraft:fly_one_cm":18047,"minecraft:open_chest":4,"minecraft:crouch_one_cm":6275,"minecraft:play_time":40071,"minecraft:sneak_time":2055,"minecraft:jump":147,"minecraft:climb_one_cm":940,"minecraft:time_since_death":40071,"minecraft:walk_on_water_one_cm":982,"minecraft:total_world_time":40071,"minecraft:fall_one_cm":1233},"minecraft:mined":{"minecraft:blue_banner":1,"regions_unexplored:hyssop":4,"minecraft:white_bed":1,"minecraft:furnace":2,"minecraft:red_bed":1,"minecraft:candle":3,"regions_unexplored:mossy_stone":13,"regions_unexplored:mauve_leaves":2,"minecraft:potted_poppy":1,"minecraft:ladder":2,"minecraft:grass":12,"minecraft:grass_block":67,"minecraft:chest":4,"minecraft:oak_stairs":13,"minecraft:dirt":9,"minecraft:stripped_oak_log":1,"regions_unexplored:aster":1,"minecraft:cobblestone":1,"regions_unexplored:medium_grass":3,"regions_unexplored:mauve_log":18,"regions_unexplored:daisy":4,"minecraft:stone":12,"minecraft:oak_planks":6,"regions_unexplored:fireweed":2},"minecraft:picked_up":{"minecraft:stripped_oak_log":1,"minecraft:flower_pot":1,"minecraft:oak_stairs":6,"minecraft:porkchop":1,"minecraft:white_bed":1,"minecraft:red_bed":1,"mca:book_romance":1,"minecraft:dirt":71,"regions_unexplored:daisy":6,"minecraft:mossy_cobblestone":13,"minecraft:moss_carpet":3,"regions_unexplored:aster":1,"minecraft:cooked_mutton":2,"regions_unexplored:hyssop":8,"regions_unexplored:mauve_sapling":2,"regions_unexplored:fireweed":13,"minecraft:candle":11,"minecraft:wheat_seeds":8,"regions_unexplored:mauve_log":17,"minecraft:poppy":1,"minecraft:blue_banner":1,"minecraft:chest":4,"minecraft:oak_planks":4,"minecraft:furnace":2,"minecraft:cobblestone":13,"minecraft:egg":1}},"DataVersion":3465}