{"stats":{"minecraft:picked_up":{"minecraft:item_frame":1,"minecraft:stone_sword":1,"minecraft:bow":1,"minecraft:leather":1,"minecraft:spruce_stairs":1,"minecraft:beef":1,"minecraft:bread":6,"minecraft:iron_sword":1},"minecraft:mined":{"minecraft:spruce_stairs":1},"minecraft:used":{"minecraft:stone_sword":2,"minecraft:chainmail_boots":1,"minecraft:chainmail_chestplate":1,"minecraft:bread":2,"minecraft:spruce_stairs":1,"minecraft:chainmail_helmet":1,"minecraft:chainmail_leggings":1},"minecraft:custom":{"minecraft:time_since_rest":14494,"minecraft:crouch_one_cm":1633,"minecraft:play_time":14494,"minecraft:sprint_one_cm":22853,"minecraft:damage_taken":98,"minecraft:walk_one_cm":38379,"minecraft:sneak_time":687,"minecraft:mob_kills":1,"minecraft:jump":106,"minecraft:damage_dealt":154,"minecraft:time_since_death":14494,"minecraft:total_world_time":14494,"minecraft:fall_one_cm":2554,"minecraft:fly_one_cm":14407},"minecraft:killed":{"minecraft:cow":1}},"DataVersion":3465}