{"stats":{"minecraft:crafted":{"regions_unexplored:mauve_planks":68,"minecraft:crafting_table":1,"minecraft:stick":4,"minecraft:wooden_pickaxe":1},"minecraft:dropped":{"mca:book_romance":1},"minecraft:killed":{"minecraft:pig":1},"minecraft:used":{"minecraft:cooked_mutton":2,"minecraft:crafting_table":1},"minecraft:custom":{"minecraft:time_since_rest":28071,"minecraft:crouch_one_cm":212,"minecraft:play_time":28071,"minecraft:sprint_one_cm":26647,"minecraft:damage_taken":50,"minecraft:walk_one_cm":155578,"minecraft:sneak_time":42,"minecraft:mob_kills":1,"minecraft:drop":1,"minecraft:jump":129,"minecraft:damage_dealt":120,"minecraft:walk_on_water_one_cm":982,"minecraft:time_since_death":28071,"minecraft:total_world_time":28071,"minecraft:interact_with_crafting_table":1,"minecraft:fall_one_cm":898,"minecraft:fly_one_cm":16184},"minecraft:mined":{"minecraft:grass":5,"regions_unexplored:aster":1,"regions_unexplored:medium_grass":1,"regions_unexplored:mauve_log":18,"regions_unexplored:daisy":1,"regions_unexplored:mauve_leaves":2,"regions_unexplored:fireweed":1},"minecraft:picked_up":{"minecraft:cooked_mutton":2,"regions_unexplored:aster":1,"regions_unexplored:mauve_sapling":2,"regions_unexplored:fireweed":1,"minecraft:wheat_seeds":2,"regions_unexplored:mauve_log":17,"minecraft:porkchop":1,"mca:book_romance":1,"regions_unexplored:daisy":1,"minecraft:egg":1}},"DataVersion":3465}