{"stats":{"minecraft:dropped":{"minecraft:torch":1},"minecraft:picked_up":{"minecraft:birch_log":32,"minecraft:crafting_table":2,"minecraft:andesite":1,"minecraft:leather":8,"regions_unexplored:silt_dirt":7,"minecraft:birch_planks":2,"ancient_elements:raw_lead":13,"minecraft:flint":1,"regions_unexplored:maple_planks":2,"regions_unexplored:red_maple_sapling":1,"regions_unexplored:red_maple_leaf_pile":2,"minecraft:string":4,"minecraft:raw_copper":43,"minecraft:item_frame":1,"minecraft:bone":4,"minecraft:apple":1,"minecraft:bow":1,"minecraft:wheat_seeds":1,"minecraft:rabbit_hide":1,"minecraft:beef":6,"regions_unexplored:maple_stairs":1,"minecraft:iron_ingot":1,"regions_unexplored:larch_sapling":1,"minecraft:rabbit":1,"minecraft:birch_sapling":2,"minecraft:iron_sword":1,"regions_unexplored:orange_maple_leaf_pile":15,"minecraft:tipped_arrow":1,"minecraft:stick":13,"minecraft:raw_iron":25,"minecraft:cooked_porkchop":3,"minecraft:torch":3,"minecraft:spruce_stairs":1,"minecraft:gravel":17,"minecraft:porkchop":7,"ancient_elements:raw_tin":21,"minecraft:diorite":3,"minecraft:mossy_cobblestone":1,"minecraft:arrow":8,"minecraft:stone_sword":1,"minecraft:rotten_flesh":4,"regions_unexplored:maple_log":24,"minecraft:bread":14,"minecraft:mutton":1,"minecraft:coal":39,"minecraft:cobblestone":66,"minecraft:white_wool":1},"minecraft:mined":{"ancient_elements:lead_ore":13,"regions_unexplored:maple_planks":2,"regions_unexplored:maple_log":25,"minecraft:crafting_table":2,"minecraft:glow_lichen":1,"gravestone:gravestone":2,"ancient_elements:deepslate_tin_ore":2,"minecraft:copper_ore":11,"minecraft:diorite":2,"regions_unexplored:birch_branch":1,"minecraft:spruce_stairs":1,"minecraft:birch_planks":2,"regions_unexplored:stone_bud":2,"minecraft:birch_log":32,"minecraft:iron_ore":24,"regions_unexplored:mossy_stone":1,"minecraft:birch_leaves":5,"ancient_elements:tin_ore":19,"regions_unexplored:maple_stairs":1,"regions_unexplored:larch_leaves":18,"regions_unexplored:red_maple_leaf_pile":2,"minecraft:grass":7,"regions_unexplored:red_maple_leaves":1,"minecraft:coal_ore":40,"regions_unexplored:maple_leaf_pile":1,"minecraft:deepslate_iron_ore":1,"minecraft:gravel":18,"minecraft:cobweb":2,"regions_unexplored:medium_grass":3,"regions_unexplored:orange_maple_leaf_pile":5,"minecraft:stone":57,"regions_unexplored:silt_grass_block":8,"minecraft:oak_leaves":2},"minecraft:crafted":{"minecraft:crafting_table":1,"regions_unexplored:maple_planks":96,"minecraft:wooden_pickaxe":1,"regions_unexplored:maple_stairs":4,"minecraft:birch_planks":128,"minecraft:stone_axe":1,"minecraft:air":0,"minecraft:stick":24,"minecraft:iron_ingot":10,"minecraft:stone_pickaxe":2,"regions_unexplored:maple_door":3,"minecraft:torch":80},"minecraft:used":{"regions_unexplored:silt_dirt":7,"minecraft:stone_sword":76,"regions_unexplored:maple_door":1,"minecraft:birch_planks":66,"minecraft:stone_pickaxe":155,"minecraft:wooden_pickaxe":20,"minecraft:iron_sword":66,"minecraft:chainmail_helmet":1,"regions_unexplored:maple_planks":41,"minecraft:torch":21,"minecraft:crafting_table":3,"minecraft:chainmail_chestplate":1,"minecraft:spruce_stairs":1,"minecraft:bread":21,"minecraft:stone_axe":40,"regions_unexplored:maple_stairs":4,"minecraft:cobblestone":54,"minecraft:bow":7,"minecraft:chainmail_boots":1,"minecraft:cooked_porkchop":3,"minecraft:chainmail_leggings":1},"minecraft:custom":{"minecraft:interact_with_furnace":2,"minecraft:mob_kills":23,"minecraft:interact_with_crafting_table":6,"minecraft:interact_with_campfire":14,"minecraft:time_since_death":37656,"minecraft:sleep_in_bed":3,"minecraft:time_since_rest":2971,"minecraft:sprint_one_cm":203846,"minecraft:damage_taken":1547,"minecraft:walk_one_cm":364182,"minecraft:drop":1,"minecraft:damage_dealt":3383,"minecraft:swim_one_cm":388,"minecraft:fly_one_cm":113192,"minecraft:open_chest":3,"minecraft:deaths":2,"minecraft:crouch_one_cm":15861,"minecraft:play_time":98494,"minecraft:sneak_time":6873,"minecraft:walk_under_water_one_cm":86,"minecraft:jump":1136,"minecraft:walk_on_water_one_cm":298,"minecraft:total_world_time":98494,"minecraft:fall_one_cm":26165},"minecraft:killed_by":{"minecraft:zombie":1},"minecraft:killed":{"minecraft:pig":4,"mca:male_zombie_villager":1,"minecraft:spider":2,"creeperoverhaul:snowy_creeper":2,"minecraft:skeleton":2,"minecraft:sheep":1,"minecraft:zombie":5,"minecraft:stray":1,"minecraft:cow":5}},"DataVersion":3465}