{
  "ancient_elements:ancient_elements": {
    "criteria": {
      "ancient_elements": "2024-07-29 19:24:11 +0000"
    },
    "done": true
  },
  "stellarity:cursed_tome/root": {
    "criteria": {
      "requirement": "2024-07-29 19:24:11 +0000"
    },
    "done": true
  },
  "minecraft:recipes/decorations/crafting_table": {
    "criteria": {
      "unlock_right_away": "2024-07-29 19:24:11 +0000"
    },
    "done": true
  },
  "mowziesmobs:root": {
    "criteria": {
      "custom_test_name": "2024-07-29 19:24:11 +0000"
    },
    "done": true
  },
  "stellarity:dragons_den/cursed_tome/root": {
    "criteria": {
      "requirement": "2024-07-29 19:24:11 +0000"
    },
    "done": true
  },
  "dungeons_arise:wda_root": {
    "criteria": {
      "WDA": "2024-07-29 19:24:11 +0000"
    },
    "done": true
  },
  "the_bumblezone:root": {
    "criteria": {
      "instant_granted": "2024-07-29 19:24:11 +0000"
    },
    "done": true
  },
  "mca:root": {
    "criteria": {
      "village_plains": "2024-07-29 19:28:12 +0000"
    },
    "done": true
  },
  "betterdungeons:root": {
    "criteria": {
      "always": "2024-07-29 19:24:11 +0000"
    },
    "done": true
  },
  "regions_unexplored:parent": {
    "criteria": {
      "load_in_world": "2024-07-29 19:24:12 +0000"
    },
    "done": true
  },
  "graveyard:graveyard/root": {
    "criteria": {
      "grave_01": "2024-07-29 19:29:42 +0000"
    },
    "done": true
  },
  "cataclysm:root": {
    "criteria": {
      "custom_test_name": "2024-07-29 19:24:11 +0000"
    },
    "done": true
  },
  "regions_unexplored:regions_explored": {
    "criteria": {
      "spires": "2024-07-29 19:24:12 +0000"
    },
    "done": false
  },
  "the_bumblezone:teleportation/is_near_beehive": {
    "criteria": {
      "is_near_beehive": "2024-07-29 19:28:49 +0000"
    },
    "done": true
  },
  "the_bumblezone:wiki": {
    "criteria": {
      "instant_granted": "2024-07-29 19:24:11 +0000"
    },
    "done": true
  },
  "ironfurnaces:coal": {
    "criteria": {
      "rainbowcoal": "2024-07-29 19:28:12 +0000"
    },
    "done": true
  },
  "regions_unexplored:pioneer": {
    "criteria": {
      "spires": "2024-07-29 19:24:12 +0000"
    },
    "done": false
  },
  "minecraft:adventure/adventuring_time": {
    "criteria": {
      "minecraft:frozen_river": "2024-07-29 19:29:48 +0000",
      "minecraft:beach": "2024-07-29 19:28:47 +0000",
      "minecraft:snowy_plains": "2024-07-29 19:29:30 +0000",
      "minecraft:plains": "2024-07-29 19:28:12 +0000"
    },
    "done": false
  },
  "DataVersion": 3465
}