{
  "ancient_elements:ancient_elements": {
    "criteria": {
      "ancient_elements": "2024-07-23 22:39:30 +0000"
    },
    "done": true
  },
  "stellarity:cursed_tome/root": {
    "criteria": {
      "requirement": "2024-07-23 22:39:30 +0000"
    },
    "done": true
  },
  "minecraft:recipes/decorations/crafting_table": {
    "criteria": {
      "unlock_right_away": "2024-07-23 22:39:30 +0000"
    },
    "done": true
  },
  "mowziesmobs:root": {
    "criteria": {
      "custom_test_name": "2024-07-23 22:39:30 +0000"
    },
    "done": true
  },
  "stellarity:dragons_den/cursed_tome/root": {
    "criteria": {
      "requirement": "2024-07-23 22:39:30 +0000"
    },
    "done": true
  },
  "dungeons_arise:wda_root": {
    "criteria": {
      "WDA": "2024-07-23 22:39:30 +0000"
    },
    "done": true
  },
  "the_bumblezone:root": {
    "criteria": {
      "instant_granted": "2024-07-23 22:39:30 +0000"
    },
    "done": true
  },
  "mca:root": {
    "criteria": {
      "village_taiga": "2024-07-23 22:43:49 +0000"
    },
    "done": true
  },
  "betterdungeons:root": {
    "criteria": {
      "always": "2024-07-23 22:39:30 +0000"
    },
    "done": true
  },
  "regions_unexplored:parent": {
    "criteria": {
      "load_in_world": "2024-07-23 22:39:30 +0000"
    },
    "done": true
  },
  "cataclysm:root": {
    "criteria": {
      "custom_test_name": "2024-07-23 22:39:30 +0000"
    },
    "done": true
  },
  "regions_unexplored:regions_explored": {
    "criteria": {
      "shrubland": "2024-07-23 22:43:14 +0000",
      "grassy_beach": "2024-07-23 22:39:30 +0000",
      "rocky_meadow": "2024-07-23 22:43:08 +0000",
      "temperate_grove": "2024-07-23 22:43:30 +0000"
    },
    "done": false
  },
  "the_bumblezone:wiki": {
    "criteria": {
      "instant_granted": "2024-07-23 22:39:30 +0000"
    },
    "done": true
  },
  "ironfurnaces:coal": {
    "criteria": {
      "rainbowcoal": "2024-07-23 22:39:29 +0000"
    },
    "done": true
  },
  "regions_unexplored:pioneer": {
    "criteria": {
      "shrubland": "2024-07-23 22:43:14 +0000",
      "grassy_beach": "2024-07-23 22:39:30 +0000",
      "rocky_meadow": "2024-07-23 22:43:08 +0000",
      "temperate_grove": "2024-07-23 22:43:30 +0000"
    },
    "done": false
  },
  "minecraft:adventure/adventuring_time": {
    "criteria": {
      "minecraft:river": "2024-07-23 22:43:11 +0000"
    },
    "done": false
  },
  "DataVersion": 3465
}